-- Banking sample schema + data (MySQL 8+)
-- Includes: customers, accounts, transactions
-- Rows: customers=200, accounts=300, transactions=1000

DROP TABLE IF EXISTS bank_transactions;
DROP TABLE IF EXISTS bank_accounts;
DROP TABLE IF EXISTS bank_customers;

CREATE TABLE bank_customers (
  customer_id       INT PRIMARY KEY,
  full_name         VARCHAR(120) NOT NULL,
  email             VARCHAR(180) NOT NULL UNIQUE,
  phone             VARCHAR(20)  NOT NULL,
  pan               VARCHAR(10)  NOT NULL UNIQUE,
  city              VARCHAR(60)  NOT NULL,
  state             VARCHAR(10)  NOT NULL,
  created_at        DATETIME     NOT NULL
) ENGINE=InnoDB;

CREATE TABLE bank_accounts (
  account_id        INT PRIMARY KEY,
  customer_id       INT NOT NULL,
  account_number    CHAR(12) NOT NULL UNIQUE,
  account_type      ENUM('SAVINGS','CURRENT','SALARY','NRE') NOT NULL,
  ifsc              CHAR(11) NOT NULL,
  currency          CHAR(3)  NOT NULL DEFAULT 'INR',
  status            ENUM('ACTIVE','FROZEN','CLOSED') NOT NULL DEFAULT 'ACTIVE',
  opened_at         DATETIME NOT NULL,
  current_balance   DECIMAL(14,2) NOT NULL DEFAULT 0.00,
  CONSTRAINT fk_accounts_customer
    FOREIGN KEY (customer_id) REFERENCES bank_customers(customer_id)
    ON UPDATE CASCADE ON DELETE RESTRICT,
  INDEX idx_accounts_customer (customer_id),
  INDEX idx_accounts_ifsc (ifsc)
) ENGINE=InnoDB;

CREATE TABLE bank_transactions (
  txn_id                  BIGINT PRIMARY KEY,
  account_id              INT NOT NULL,
  counterparty_account_id INT NULL,
  txn_type                ENUM('DEPOSIT','WITHDRAWAL','TRANSFER','CARD','FEE','INTEREST') NOT NULL,
  direction               ENUM('DEBIT','CREDIT') NOT NULL,
  amount                  DECIMAL(14,2) NOT NULL,
  fee                     DECIMAL(14,2) NOT NULL DEFAULT 0.00,
  currency                CHAR(3) NOT NULL DEFAULT 'INR',
  channel                 VARCHAR(20) NOT NULL,
  status                  ENUM('PENDING','POSTED','REVERSED','FAILED') NOT NULL DEFAULT 'POSTED',
  reference               VARCHAR(30) NOT NULL UNIQUE,
  booked_at               DATETIME NOT NULL,
  description             VARCHAR(255) NULL,
  CONSTRAINT fk_txn_account
    FOREIGN KEY (account_id) REFERENCES bank_accounts(account_id)
    ON UPDATE CASCADE ON DELETE RESTRICT,
  CONSTRAINT fk_txn_counterparty
    FOREIGN KEY (counterparty_account_id) REFERENCES bank_accounts(account_id)
    ON UPDATE CASCADE ON DELETE SET NULL,
  INDEX idx_txn_account_booked (account_id, booked_at),
  INDEX idx_txn_type_booked (txn_type, booked_at)
) ENGINE=InnoDB;

-- Customers
INSERT INTO bank_customers (customer_id, full_name, email, phone, pan, city, state, created_at) VALUES
  (1, 'Vihaan Sharma', 'vihaan.sharma1@example.com', '+918181241943', 'HEXDV8196B', 'Hyderabad', 'TS', '2024-01-31 02:13:14'),
  (2, 'Riya Naidu', 'riya.naidu2@example.com', '+917113971123', 'GWUWR6379I', 'Jaipur', 'RJ', '2024-01-07 05:44:27'),
  (3, 'Ananya Das', 'ananya.das3@example.com', '+917667779376', 'YKDCM1559I', 'Hyderabad', 'TS', '2024-02-14 23:29:34'),
  (4, 'Vihaan Chopra', 'vihaan.chopra4@example.com', '+917338444264', 'JUTLS3103Y', 'Jaipur', 'RJ', '2024-10-23 02:54:14'),
  (5, 'Vihaan Chopra', 'vihaan.chopra5@example.com', '+918193887545', 'ULFLL3419U', 'Ahmedabad', 'GJ', '2024-06-24 17:46:15'),
  (6, 'Sai Jain', 'sai.jain6@example.com', '+918629748727', 'UWRHV5030Z', 'Chennai', 'TN', '2024-11-19 12:17:04'),
  (7, 'Krishna Verma', 'krishna.verma7@example.com', '+918351531223', 'UPMUO2423X', 'Hyderabad', 'TS', '2025-07-28 17:16:47'),
  (8, 'Meera Kapoor', 'meera.kapoor8@example.com', '+919506254832', 'LHEQP1012U', 'Kolkata', 'WB', '2024-06-12 21:27:38'),
  (9, 'Aditya Chopra', 'aditya.chopra9@example.com', '+918639042338', 'OQIRA1845D', 'Kochi', 'KL', '2024-10-27 13:10:29'),
  (10, 'Aarav Das', 'aarav.das10@example.com', '+919150000991', 'QDUJU8932L', 'Bengaluru', 'KA', '2024-06-14 17:49:59'),
  (11, 'Riya Sharma', 'riya.sharma11@example.com', '+919572447412', 'PADLZ4303S', 'Pune', 'MH', '2024-03-21 02:46:31'),
  (12, 'Aditya Rao', 'aditya.rao12@example.com', '+917540137296', 'VPRFI8963R', 'Bengaluru', 'KA', '2024-07-24 22:19:25'),
  (13, 'Diya Jain', 'diya.jain13@example.com', '+919222971316', 'DHHCK0983S', 'Ahmedabad', 'GJ', '2024-08-13 00:04:45'),
  (14, 'Vivaan Singh', 'vivaan.singh14@example.com', '+917289482182', 'KCQHI7382X', 'Mumbai', 'MH', '2025-08-07 18:30:15'),
  (15, 'Aadhya Kapoor', 'aadhya.kapoor15@example.com', '+917817804383', 'DVNLN6701B', 'Delhi', 'DL', '2025-02-16 23:21:51'),
  (16, 'Vihaan Singh', 'vihaan.singh16@example.com', '+917822873088', 'ROENF4731O', 'Hyderabad', 'TS', '2025-07-17 03:03:41'),
  (17, 'Nisha Sharma', 'nisha.sharma17@example.com', '+917400560567', 'FNPPG6026A', 'Hyderabad', 'TS', '2025-02-03 08:59:50'),
  (18, 'Saanvi Menon', 'saanvi.menon18@example.com', '+918816803306', 'VWPEG4309X', 'Jaipur', 'RJ', '2025-07-09 01:47:20'),
  (19, 'Vivaan Iyer', 'vivaan.iyer19@example.com', '+919509023674', 'QQFBQ1219C', 'Ahmedabad', 'GJ', '2025-11-22 07:25:07'),
  (20, 'Meera Singh', 'meera.singh20@example.com', '+919486438403', 'BTCNV9985I', 'Kochi', 'KL', '2024-07-28 21:45:20'),
  (21, 'Ishaan Das', 'ishaan.das21@example.com', '+918699887270', 'VUJOK1079S', 'Bengaluru', 'KA', '2024-04-12 02:34:13'),
  (22, 'Riya Das', 'riya.das22@example.com', '+917568896616', 'CHLJF7849Z', 'Pune', 'MH', '2025-10-31 16:00:42'),
  (23, 'Nisha Menon', 'nisha.menon23@example.com', '+919849232839', 'EIDDX8244T', 'Delhi', 'DL', '2024-08-03 22:21:13'),
  (24, 'Rohan Shetty', 'rohan.shetty24@example.com', '+919098228320', 'BCUNI0052U', 'Chennai', 'TN', '2024-09-25 05:47:28'),
  (25, 'Nisha Kapoor', 'nisha.kapoor25@example.com', '+919409076656', 'DCWER0598E', 'Mumbai', 'MH', '2025-03-16 04:02:19'),
  (26, 'Diya Iyer', 'diya.iyer26@example.com', '+918536778950', 'VHVDL8692H', 'Hyderabad', 'TS', '2024-06-15 05:56:26'),
  (27, 'Aarav Patel', 'aarav.patel27@example.com', '+918426725702', 'ZVXZH4216B', 'Kolkata', 'WB', '2025-04-26 07:12:52'),
  (28, 'Saanvi Bose', 'saanvi.bose28@example.com', '+918310784794', 'HAVGM5414L', 'Hyderabad', 'TS', '2025-10-18 16:25:43'),
  (29, 'Nisha Joshi', 'nisha.joshi29@example.com', '+917118543408', 'IFSIB1965X', 'Delhi', 'DL', '2024-11-17 13:38:32'),
  (30, 'Vihaan Chopra', 'vihaan.chopra30@example.com', '+919476426797', 'IBWNA8835N', 'Hyderabad', 'TS', '2024-03-12 21:58:21'),
  (31, 'Kavya Joshi', 'kavya.joshi31@example.com', '+919849227494', 'XJQJV6564R', 'Delhi', 'DL', '2024-05-10 06:26:42'),
  (32, 'Ira Patel', 'ira.patel32@example.com', '+919643616431', 'JMRAJ4369T', 'Kochi', 'KL', '2025-11-01 10:29:28'),
  (33, 'Saanvi Khan', 'saanvi.khan33@example.com', '+919195475598', 'ZZXFV1489K', 'Ahmedabad', 'GJ', '2024-04-05 07:43:19'),
  (34, 'Ishaan Khan', 'ishaan.khan34@example.com', '+917632880459', 'BHPTY1769G', 'Mumbai', 'MH', '2025-01-28 15:25:15'),
  (35, 'Arjun Sharma', 'arjun.sharma35@example.com', '+917457788949', 'HFZWQ7083D', 'Kolkata', 'WB', '2025-04-12 04:51:29'),
  (36, 'Riya Rao', 'riya.rao36@example.com', '+919557448229', 'YOTXQ6872X', 'Pune', 'MH', '2025-05-01 14:16:48'),
  (37, 'Ishaan Das', 'ishaan.das37@example.com', '+919238965651', 'UHIOC4345K', 'Ahmedabad', 'GJ', '2025-07-07 02:08:09'),
  (38, 'Ishaan Chopra', 'ishaan.chopra38@example.com', '+919980491761', 'WGCNN5876B', 'Bengaluru', 'KA', '2024-07-30 13:24:57'),
  (39, 'Meera Sharma', 'meera.sharma39@example.com', '+919472571231', 'PALJY6688Z', 'Kolkata', 'WB', '2025-09-09 07:31:14'),
  (40, 'Rohan Kapoor', 'rohan.kapoor40@example.com', '+919085816511', 'MKVVZ6272T', 'Mumbai', 'MH', '2025-06-30 00:58:25'),
  (41, 'Meera Verma', 'meera.verma41@example.com', '+919847562279', 'CUNEO2046K', 'Mumbai', 'MH', '2024-08-04 14:20:21'),
  (42, 'Ira Das', 'ira.das42@example.com', '+918810607153', 'CPAXR0531Y', 'Chennai', 'TN', '2025-10-29 01:48:01'),
  (43, 'Ishaan Khan', 'ishaan.khan43@example.com', '+917087531510', 'EHEPV1937W', 'Kochi', 'KL', '2024-09-19 11:10:38'),
  (44, 'Kavya Reddy', 'kavya.reddy44@example.com', '+917703368777', 'DSAJS6631S', 'Chennai', 'TN', '2025-10-04 07:06:44'),
  (45, 'Kabir Naidu', 'kabir.naidu45@example.com', '+917519927529', 'ZBLRN5185A', 'Kochi', 'KL', '2025-03-06 15:06:27'),
  (46, 'Diya Jain', 'diya.jain46@example.com', '+917657091982', 'FXQUI9877N', 'Kolkata', 'WB', '2025-08-29 08:20:54'),
  (47, 'Ishaan Nair', 'ishaan.nair47@example.com', '+918197987692', 'HYOST6507K', 'Ahmedabad', 'GJ', '2024-07-05 15:13:22'),
  (48, 'Rohan Joshi', 'rohan.joshi48@example.com', '+918201124041', 'WIRAQ3136P', 'Kochi', 'KL', '2025-07-22 07:44:30'),
  (49, 'Aadhya Jain', 'aadhya.jain49@example.com', '+917074059253', 'JHMWH4957R', 'Delhi', 'DL', '2025-06-27 11:27:47'),
  (50, 'Nisha Joshi', 'nisha.joshi50@example.com', '+918511014697', 'IJIHD3518Y', 'Ahmedabad', 'GJ', '2024-07-08 06:13:47'),
  (51, 'Aadhya Das', 'aadhya.das51@example.com', '+919532256470', 'TJDGJ3524A', 'Jaipur', 'RJ', '2025-06-30 04:17:02'),
  (52, 'Vivaan Rao', 'vivaan.rao52@example.com', '+918254717325', 'UYPDA9477O', 'Bengaluru', 'KA', '2024-12-14 05:03:16'),
  (53, 'Aadhya Reddy', 'aadhya.reddy53@example.com', '+917280647907', 'PCSUV0229J', 'Kolkata', 'WB', '2024-03-28 07:07:35'),
  (54, 'Myra Naidu', 'myra.naidu54@example.com', '+919560345306', 'HYQMO7496J', 'Kochi', 'KL', '2025-08-05 19:03:39'),
  (55, 'Vihaan Khan', 'vihaan.khan55@example.com', '+919686566602', 'IVCFH2812A', 'Hyderabad', 'TS', '2025-02-22 14:44:38'),
  (56, 'Aadhya Menon', 'aadhya.menon56@example.com', '+917140187131', 'JWJWO1349V', 'Hyderabad', 'TS', '2024-07-21 13:07:34'),
  (57, 'Ishaan Gupta', 'ishaan.gupta57@example.com', '+918140882778', 'CBFZJ9947D', 'Bengaluru', 'KA', '2025-04-24 22:19:44'),
  (58, 'Ira Das', 'ira.das58@example.com', '+919149511642', 'POCTB6594A', 'Jaipur', 'RJ', '2024-04-03 07:43:53'),
  (59, 'Meera Verma', 'meera.verma59@example.com', '+917089101055', 'SBYYF7874F', 'Chennai', 'TN', '2025-08-22 13:40:52'),
  (60, 'Aadhya Nair', 'aadhya.nair60@example.com', '+919018679284', 'NKKVD2567J', 'Pune', 'MH', '2025-11-09 12:52:48'),
  (61, 'Nisha Iyer', 'nisha.iyer61@example.com', '+918953462417', 'KIKDY6808O', 'Delhi', 'DL', '2025-02-27 01:12:33'),
  (62, 'Diya Naidu', 'diya.naidu62@example.com', '+919141011556', 'YBGIR2477D', 'Ahmedabad', 'GJ', '2024-01-30 20:38:51'),
  (63, 'Ishaan Patel', 'ishaan.patel63@example.com', '+918334661688', 'ARNCH1712P', 'Jaipur', 'RJ', '2024-10-25 16:45:17'),
  (64, 'Myra Kulkarni', 'myra.kulkarni64@example.com', '+919028168523', 'OREMG9821I', 'Hyderabad', 'TS', '2025-02-28 10:59:50'),
  (65, 'Riya Das', 'riya.das65@example.com', '+917011017705', 'XJSSV7278P', 'Chennai', 'TN', '2024-12-19 10:35:48'),
  (66, 'Nisha Chopra', 'nisha.chopra66@example.com', '+918955690228', 'GWHSM3605X', 'Pune', 'MH', '2025-04-29 22:58:51'),
  (67, 'Ira Chopra', 'ira.chopra67@example.com', '+919850521812', 'PBEQS5171Q', 'Bengaluru', 'KA', '2025-04-12 00:46:09'),
  (68, 'Myra Gupta', 'myra.gupta68@example.com', '+917321384892', 'ZIKTW6158M', 'Ahmedabad', 'GJ', '2024-11-20 20:45:56'),
  (69, 'Aadhya Rao', 'aadhya.rao69@example.com', '+917154185462', 'CHUVJ3161Y', 'Kochi', 'KL', '2025-10-10 22:55:06'),
  (70, 'Saanvi Patel', 'saanvi.patel70@example.com', '+919980712298', 'ABKZB4556E', 'Chennai', 'TN', '2024-09-07 16:26:36'),
  (71, 'Sai Patel', 'sai.patel71@example.com', '+917751917162', 'TMTVH7923O', 'Delhi', 'DL', '2025-10-15 08:29:16'),
  (72, 'Aarav Jain', 'aarav.jain72@example.com', '+918235368585', 'FCOLS4647J', 'Jaipur', 'RJ', '2024-07-22 12:54:30'),
  (73, 'Vihaan Singh', 'vihaan.singh73@example.com', '+918637947177', 'LSJWJ0640S', 'Kochi', 'KL', '2024-02-20 19:47:31'),
  (74, 'Kabir Singh', 'kabir.singh74@example.com', '+919607324296', 'HUGTI2104Z', 'Pune', 'MH', '2025-03-27 01:37:23'),
  (75, 'Arjun Nair', 'arjun.nair75@example.com', '+918267489756', 'XNFGE8588I', 'Pune', 'MH', '2024-06-17 08:58:52'),
  (76, 'Aadhya Menon', 'aadhya.menon76@example.com', '+918454770940', 'OCEYH6851Z', 'Delhi', 'DL', '2025-02-08 00:16:34'),
  (77, 'Vihaan Jain', 'vihaan.jain77@example.com', '+918583063357', 'SMULD3709R', 'Chennai', 'TN', '2024-12-01 19:14:41'),
  (78, 'Aditya Jain', 'aditya.jain78@example.com', '+918297896903', 'DEBBJ7113R', 'Kolkata', 'WB', '2024-05-18 12:29:23'),
  (79, 'Nisha Kapoor', 'nisha.kapoor79@example.com', '+919522607583', 'NUDPT6405G', 'Bengaluru', 'KA', '2025-03-30 14:15:54'),
  (80, 'Diya Reddy', 'diya.reddy80@example.com', '+919944974316', 'RULBM4317C', 'Pune', 'MH', '2025-11-09 06:41:40'),
  (81, 'Kavya Sharma', 'kavya.sharma81@example.com', '+917217233051', 'HEZSG1839G', 'Pune', 'MH', '2024-08-26 10:49:09'),
  (82, 'Kavya Sharma', 'kavya.sharma82@example.com', '+918190886387', 'ERIZF1020L', 'Bengaluru', 'KA', '2024-08-31 18:20:01'),
  (83, 'Sai Das', 'sai.das83@example.com', '+917225052083', 'XNQDX1775Q', 'Bengaluru', 'KA', '2025-08-30 03:28:32'),
  (84, 'Ishaan Naidu', 'ishaan.naidu84@example.com', '+917186251406', 'JOUAB7661P', 'Jaipur', 'RJ', '2025-03-30 02:57:05'),
  (85, 'Ananya Naidu', 'ananya.naidu85@example.com', '+917637088959', 'EITUS8569Q', 'Delhi', 'DL', '2024-10-28 14:32:38'),
  (86, 'Myra Reddy', 'myra.reddy86@example.com', '+917491404673', 'XGNOH6576N', 'Jaipur', 'RJ', '2024-04-07 10:27:20'),
  (87, 'Rohan Bose', 'rohan.bose87@example.com', '+917655579180', 'CCCCN1528B', 'Ahmedabad', 'GJ', '2025-08-23 17:35:21'),
  (88, 'Vihaan Kapoor', 'vihaan.kapoor88@example.com', '+918518692176', 'XBJTJ5198G', 'Kolkata', 'WB', '2024-06-07 21:30:14'),
  (89, 'Vihaan Bose', 'vihaan.bose89@example.com', '+919389142017', 'DYISH6899V', 'Pune', 'MH', '2025-10-20 17:01:38'),
  (90, 'Rohan Sharma', 'rohan.sharma90@example.com', '+917774881143', 'WYJKL0229V', 'Chennai', 'TN', '2025-02-14 02:09:47'),
  (91, 'Aarav Nair', 'aarav.nair91@example.com', '+919278405793', 'MNOKF5459T', 'Hyderabad', 'TS', '2024-03-27 01:09:10'),
  (92, 'Kavya Iyer', 'kavya.iyer92@example.com', '+919894673596', 'IOVNP9764G', 'Delhi', 'DL', '2025-06-08 03:22:27'),
  (93, 'Vihaan Menon', 'vihaan.menon93@example.com', '+919912923661', 'PQVJB3690A', 'Kochi', 'KL', '2024-07-28 09:13:49'),
  (94, 'Arjun Das', 'arjun.das94@example.com', '+918243165953', 'DAPXN2268W', 'Pune', 'MH', '2024-08-23 16:35:53'),
  (95, 'Diya Nair', 'diya.nair95@example.com', '+918705407682', 'NAOCK9696W', 'Mumbai', 'MH', '2025-10-17 13:18:07'),
  (96, 'Ira Sharma', 'ira.sharma96@example.com', '+918394868732', 'ZTOWL1613N', 'Bengaluru', 'KA', '2025-08-26 12:33:05'),
  (97, 'Ira Menon', 'ira.menon97@example.com', '+918458198451', 'KYFCQ1883Y', 'Hyderabad', 'TS', '2024-12-23 11:46:52'),
  (98, 'Arjun Singh', 'arjun.singh98@example.com', '+917441542090', 'IGFTE1277Y', 'Bengaluru', 'KA', '2025-07-31 18:28:43'),
  (99, 'Meera Naidu', 'meera.naidu99@example.com', '+918388168801', 'EOCPO4490L', 'Pune', 'MH', '2025-06-03 02:19:29'),
  (100, 'Saanvi Iyer', 'saanvi.iyer100@example.com', '+917244340918', 'JCUCT9867S', 'Pune', 'MH', '2025-07-21 23:57:02'),
  (101, 'Saanvi Verma', 'saanvi.verma101@example.com', '+919799620568', 'KTPQE0715W', 'Hyderabad', 'TS', '2024-03-27 16:41:11'),
  (102, 'Vivaan Singh', 'vivaan.singh102@example.com', '+918880157459', 'QQTFL5466Y', 'Ahmedabad', 'GJ', '2024-12-12 21:38:03'),
  (103, 'Ananya Nair', 'ananya.nair103@example.com', '+918416011033', 'RVMJI9251S', 'Delhi', 'DL', '2025-11-10 04:58:22'),
  (104, 'Kabir Chopra', 'kabir.chopra104@example.com', '+917553843145', 'WCJRM5281U', 'Kochi', 'KL', '2025-11-17 13:32:23'),
  (105, 'Aarav Bose', 'aarav.bose105@example.com', '+918326569692', 'GKYPG3221J', 'Bengaluru', 'KA', '2024-04-13 16:49:34'),
  (106, 'Riya Iyer', 'riya.iyer106@example.com', '+919842964443', 'YTETM2229Z', 'Pune', 'MH', '2024-06-18 23:28:02'),
  (107, 'Myra Bose', 'myra.bose107@example.com', '+919904956613', 'OTJYX7383J', 'Hyderabad', 'TS', '2025-04-25 06:23:43'),
  (108, 'Meera Jain', 'meera.jain108@example.com', '+918982900391', 'YMQQN2392I', 'Chennai', 'TN', '2024-02-23 20:30:55'),
  (109, 'Diya Rao', 'diya.rao109@example.com', '+917440619526', 'DJCYF4782N', 'Jaipur', 'RJ', '2024-04-03 07:52:28'),
  (110, 'Diya Sharma', 'diya.sharma110@example.com', '+918781968664', 'MQLHM1530K', 'Mumbai', 'MH', '2024-04-11 22:41:21'),
  (111, 'Arjun Gupta', 'arjun.gupta111@example.com', '+917164510971', 'PWEYW7790C', 'Chennai', 'TN', '2024-01-20 08:13:53'),
  (112, 'Arjun Rao', 'arjun.rao112@example.com', '+919615120114', 'NDYJH4103N', 'Jaipur', 'RJ', '2025-10-16 19:29:04'),
  (113, 'Vihaan Kulkarni', 'vihaan.kulkarni113@example.com', '+919562974666', 'AUQSH2460T', 'Jaipur', 'RJ', '2024-12-27 07:36:26'),
  (114, 'Sai Nair', 'sai.nair114@example.com', '+919248349034', 'CQRQZ8806P', 'Pune', 'MH', '2024-02-14 20:24:23'),
  (115, 'Rohan Sharma', 'rohan.sharma115@example.com', '+918533706498', 'LHXVU1952B', 'Delhi', 'DL', '2024-12-26 17:21:52'),
  (116, 'Sai Jain', 'sai.jain116@example.com', '+919986674107', 'UFZEC7043B', 'Ahmedabad', 'GJ', '2024-07-23 01:20:59'),
  (117, 'Kabir Shetty', 'kabir.shetty117@example.com', '+918710359289', 'PIBYU3450U', 'Jaipur', 'RJ', '2024-12-05 08:07:51'),
  (118, 'Diya Kapoor', 'diya.kapoor118@example.com', '+918718080443', 'MKFPW7584Z', 'Ahmedabad', 'GJ', '2024-03-25 23:27:05'),
  (119, 'Myra Naidu', 'myra.naidu119@example.com', '+917775054695', 'JKDCK4479W', 'Jaipur', 'RJ', '2025-03-12 05:44:28'),
  (120, 'Diya Jain', 'diya.jain120@example.com', '+917181914018', 'TNIUZ0165Q', 'Pune', 'MH', '2025-11-26 05:01:09'),
  (121, 'Kavya Jain', 'kavya.jain121@example.com', '+917149460439', 'CHYUL5690T', 'Bengaluru', 'KA', '2024-06-06 21:28:23'),
  (122, 'Diya Jain', 'diya.jain122@example.com', '+917330220406', 'EQLMK4310X', 'Kochi', 'KL', '2024-07-09 15:33:24'),
  (123, 'Nisha Reddy', 'nisha.reddy123@example.com', '+918124322241', 'WOGTJ7312C', 'Chennai', 'TN', '2025-04-07 05:57:45'),
  (124, 'Saanvi Nair', 'saanvi.nair124@example.com', '+919928863857', 'VLWCR8442W', 'Pune', 'MH', '2025-10-15 05:50:23'),
  (125, 'Riya Singh', 'riya.singh125@example.com', '+917521247759', 'ZEHZP0589L', 'Hyderabad', 'TS', '2025-04-23 17:08:39'),
  (126, 'Aditya Nair', 'aditya.nair126@example.com', '+918328393535', 'WXPQN6912K', 'Kolkata', 'WB', '2025-10-19 02:28:29'),
  (127, 'Riya Bose', 'riya.bose127@example.com', '+917551192946', 'USFYE6801Q', 'Jaipur', 'RJ', '2024-06-05 09:10:10'),
  (128, 'Ananya Singh', 'ananya.singh128@example.com', '+918486157809', 'JCIGU8424T', 'Jaipur', 'RJ', '2025-06-30 02:32:41'),
  (129, 'Sai Verma', 'sai.verma129@example.com', '+919493857758', 'FVTXT5900C', 'Bengaluru', 'KA', '2024-02-16 20:49:36'),
  (130, 'Rohan Khan', 'rohan.khan130@example.com', '+919457310580', 'TUAPU8447H', 'Kolkata', 'WB', '2025-02-19 09:29:04'),
  (131, 'Vivaan Patel', 'vivaan.patel131@example.com', '+918888091245', 'POGKT2555M', 'Kolkata', 'WB', '2024-05-13 11:32:35'),
  (132, 'Vihaan Joshi', 'vihaan.joshi132@example.com', '+918038256217', 'DIOHE1046T', 'Ahmedabad', 'GJ', '2025-03-04 07:55:57'),
  (133, 'Sai Joshi', 'sai.joshi133@example.com', '+919481146933', 'GYFPQ7747A', 'Pune', 'MH', '2024-04-02 12:32:29'),
  (134, 'Ishaan Khan', 'ishaan.khan134@example.com', '+919505443885', 'BBJPT7480D', 'Pune', 'MH', '2025-03-17 04:56:16'),
  (135, 'Diya Chopra', 'diya.chopra135@example.com', '+918571688961', 'MBSRG5841M', 'Mumbai', 'MH', '2025-05-31 14:48:35'),
  (136, 'Rohan Naidu', 'rohan.naidu136@example.com', '+919922289913', 'DEDML5852G', 'Kochi', 'KL', '2025-09-08 16:25:32'),
  (137, 'Vivaan Iyer', 'vivaan.iyer137@example.com', '+917167134213', 'WKZPQ7298E', 'Bengaluru', 'KA', '2024-12-01 19:20:10'),
  (138, 'Ira Naidu', 'ira.naidu138@example.com', '+918285201700', 'KQQRP9470L', 'Kochi', 'KL', '2024-12-05 21:07:26'),
  (139, 'Meera Menon', 'meera.menon139@example.com', '+919955124970', 'TPIUZ9930S', 'Mumbai', 'MH', '2025-05-06 05:33:40'),
  (140, 'Kavya Chopra', 'kavya.chopra140@example.com', '+917634691836', 'BSWDG0756E', 'Hyderabad', 'TS', '2025-02-26 22:13:26'),
  (141, 'Riya Naidu', 'riya.naidu141@example.com', '+919025530021', 'WEQGR5786K', 'Mumbai', 'MH', '2024-06-26 14:58:34'),
  (142, 'Ananya Rao', 'ananya.rao142@example.com', '+918521651018', 'TPGHI8434Y', 'Chennai', 'TN', '2024-10-22 22:13:44'),
  (143, 'Aadhya Joshi', 'aadhya.joshi143@example.com', '+919060740001', 'RZXIJ1986M', 'Pune', 'MH', '2024-12-19 04:18:02'),
  (144, 'Kabir Nair', 'kabir.nair144@example.com', '+918487619960', 'UIXPG3848W', 'Ahmedabad', 'GJ', '2024-10-05 04:06:39'),
  (145, 'Meera Singh', 'meera.singh145@example.com', '+918041349374', 'VQHUH0165W', 'Mumbai', 'MH', '2025-04-28 03:43:49'),
  (146, 'Arjun Sharma', 'arjun.sharma146@example.com', '+919363746243', 'NUPPU3454U', 'Bengaluru', 'KA', '2024-03-01 02:41:36'),
  (147, 'Ishaan Rao', 'ishaan.rao147@example.com', '+917160194739', 'NFBMZ7240A', 'Bengaluru', 'KA', '2024-11-01 18:38:06'),
  (148, 'Ananya Menon', 'ananya.menon148@example.com', '+918951414407', 'QPEQO4315F', 'Jaipur', 'RJ', '2025-04-14 20:16:45'),
  (149, 'Sai Sharma', 'sai.sharma149@example.com', '+918447885778', 'SVYGF9668K', 'Chennai', 'TN', '2024-03-29 12:42:06'),
  (150, 'Sai Gupta', 'sai.gupta150@example.com', '+919050649750', 'HAIMH7454S', 'Pune', 'MH', '2025-08-09 00:16:41'),
  (151, 'Diya Singh', 'diya.singh151@example.com', '+917266821961', 'OJFMV8414L', 'Delhi', 'DL', '2025-09-21 07:14:08'),
  (152, 'Aadhya Gupta', 'aadhya.gupta152@example.com', '+918954118497', 'LNWRP8339Z', 'Kochi', 'KL', '2024-03-24 16:28:33'),
  (153, 'Diya Nair', 'diya.nair153@example.com', '+919423086220', 'BRQGS8225Q', 'Delhi', 'DL', '2025-03-28 03:43:13'),
  (154, 'Meera Kulkarni', 'meera.kulkarni154@example.com', '+917390591367', 'OZBOE8679B', 'Jaipur', 'RJ', '2025-07-26 14:43:51'),
  (155, 'Kabir Sharma', 'kabir.sharma155@example.com', '+918700586760', 'AXGSC0651R', 'Chennai', 'TN', '2024-03-02 02:59:30'),
  (156, 'Vivaan Menon', 'vivaan.menon156@example.com', '+918756070122', 'YEYUX6567M', 'Bengaluru', 'KA', '2025-01-19 02:43:42'),
  (157, 'Nisha Gupta', 'nisha.gupta157@example.com', '+919806907561', 'DFRMQ2300J', 'Pune', 'MH', '2025-04-19 21:46:34'),
  (158, 'Myra Rao', 'myra.rao158@example.com', '+918628980027', 'HOLEI3106T', 'Hyderabad', 'TS', '2024-01-17 07:13:04'),
  (159, 'Vihaan Naidu', 'vihaan.naidu159@example.com', '+917144208994', 'TVWBH0673R', 'Ahmedabad', 'GJ', '2024-08-10 01:08:32'),
  (160, 'Kabir Singh', 'kabir.singh160@example.com', '+919474375067', 'STYVK3428H', 'Pune', 'MH', '2025-02-27 09:17:03'),
  (161, 'Nisha Verma', 'nisha.verma161@example.com', '+917752191321', 'RPBLU6856N', 'Kolkata', 'WB', '2024-06-01 09:24:11'),
  (162, 'Nisha Kulkarni', 'nisha.kulkarni162@example.com', '+918034950478', 'JWEZO0866R', 'Hyderabad', 'TS', '2025-06-26 04:24:15'),
  (163, 'Rohan Khan', 'rohan.khan163@example.com', '+918418468740', 'OLCRX3046V', 'Delhi', 'DL', '2025-09-11 19:02:55'),
  (164, 'Aditya Khan', 'aditya.khan164@example.com', '+919523652725', 'GPGKJ0331X', 'Jaipur', 'RJ', '2025-05-05 07:44:38'),
  (165, 'Krishna Chopra', 'krishna.chopra165@example.com', '+918027918636', 'KYJMO8544L', 'Jaipur', 'RJ', '2025-06-09 15:29:06'),
  (166, 'Aadhya Joshi', 'aadhya.joshi166@example.com', '+917872425923', 'KNBSH2048S', 'Pune', 'MH', '2025-08-16 23:26:18'),
  (167, 'Arjun Khan', 'arjun.khan167@example.com', '+918416760621', 'MSHPR5477O', 'Hyderabad', 'TS', '2024-06-21 23:50:22'),
  (168, 'Sai Gupta', 'sai.gupta168@example.com', '+919347398593', 'FRUBQ0100N', 'Ahmedabad', 'GJ', '2024-05-20 20:14:04'),
  (169, 'Arjun Sharma', 'arjun.sharma169@example.com', '+917939393836', 'OLBTU9770A', 'Jaipur', 'RJ', '2025-06-28 17:26:00'),
  (170, 'Aarav Shetty', 'aarav.shetty170@example.com', '+918180002487', 'JAQWV6211Q', 'Jaipur', 'RJ', '2024-06-01 07:12:39'),
  (171, 'Riya Das', 'riya.das171@example.com', '+918522312933', 'ZMCLM7933J', 'Chennai', 'TN', '2025-12-01 02:41:54'),
  (172, 'Vivaan Nair', 'vivaan.nair172@example.com', '+918740657035', 'MRPBU0217N', 'Kolkata', 'WB', '2025-10-22 10:36:54'),
  (173, 'Vihaan Shetty', 'vihaan.shetty173@example.com', '+917182758417', 'GWSPI0148S', 'Hyderabad', 'TS', '2025-11-04 01:11:59'),
  (174, 'Ananya Sharma', 'ananya.sharma174@example.com', '+917889737338', 'EYWMC4293S', 'Kochi', 'KL', '2025-02-02 21:57:34'),
  (175, 'Ananya Chopra', 'ananya.chopra175@example.com', '+917601083212', 'QXLBD6315T', 'Delhi', 'DL', '2025-09-20 19:25:49'),
  (176, 'Ananya Sharma', 'ananya.sharma176@example.com', '+919723537339', 'ZOPHL8662V', 'Chennai', 'TN', '2025-08-22 21:24:05'),
  (177, 'Kavya Menon', 'kavya.menon177@example.com', '+918058493748', 'CIEMW2655D', 'Delhi', 'DL', '2024-04-03 00:19:28'),
  (178, 'Diya Das', 'diya.das178@example.com', '+917439080604', 'CFNOR8861A', 'Bengaluru', 'KA', '2024-04-01 11:35:05'),
  (179, 'Kavya Naidu', 'kavya.naidu179@example.com', '+918393417638', 'AJNMY1839Q', 'Kolkata', 'WB', '2024-06-22 21:24:10'),
  (180, 'Arjun Das', 'arjun.das180@example.com', '+918293348937', 'PECFN4647Z', 'Chennai', 'TN', '2024-03-19 11:16:15'),
  (181, 'Aadhya Naidu', 'aadhya.naidu181@example.com', '+919648572296', 'ODEJA6596Z', 'Hyderabad', 'TS', '2024-12-03 14:21:27'),
  (182, 'Kavya Gupta', 'kavya.gupta182@example.com', '+918290359719', 'TWGPK2654X', 'Pune', 'MH', '2025-10-10 15:36:50'),
  (183, 'Ishaan Joshi', 'ishaan.joshi183@example.com', '+918615145225', 'ZMLDS3982V', 'Chennai', 'TN', '2025-07-17 00:46:29'),
  (184, 'Krishna Jain', 'krishna.jain184@example.com', '+918251258015', 'ZZNVP2434V', 'Delhi', 'DL', '2024-06-06 22:27:50'),
  (185, 'Ira Nair', 'ira.nair185@example.com', '+918928726872', 'PSMRQ6805W', 'Kochi', 'KL', '2025-07-03 19:40:58'),
  (186, 'Aditya Reddy', 'aditya.reddy186@example.com', '+918066143895', 'FUTBS6561A', 'Pune', 'MH', '2024-04-10 08:14:32'),
  (187, 'Riya Rao', 'riya.rao187@example.com', '+919493307092', 'HOLMO9825A', 'Kochi', 'KL', '2025-05-09 03:18:26'),
  (188, 'Aditya Reddy', 'aditya.reddy188@example.com', '+917608490241', 'JKOZG8757D', 'Pune', 'MH', '2025-03-24 23:44:28'),
  (189, 'Ananya Nair', 'ananya.nair189@example.com', '+918289624427', 'ZWDAK1238F', 'Mumbai', 'MH', '2025-07-19 05:21:35'),
  (190, 'Myra Jain', 'myra.jain190@example.com', '+917995811976', 'UFFUV6609G', 'Kolkata', 'WB', '2025-04-05 18:27:24'),
  (191, 'Aarav Khan', 'aarav.khan191@example.com', '+917883837629', 'YWZZC9182L', 'Chennai', 'TN', '2024-11-29 06:29:07'),
  (192, 'Rohan Kulkarni', 'rohan.kulkarni192@example.com', '+919266518721', 'TMTMS1557T', 'Pune', 'MH', '2024-06-25 21:45:51'),
  (193, 'Kabir Naidu', 'kabir.naidu193@example.com', '+919534753843', 'VEKDH4125W', 'Delhi', 'DL', '2024-05-24 16:24:26'),
  (194, 'Kavya Gupta', 'kavya.gupta194@example.com', '+919468773157', 'NFPUR2827J', 'Kolkata', 'WB', '2024-05-23 05:20:53'),
  (195, 'Saanvi Naidu', 'saanvi.naidu195@example.com', '+917230258601', 'APEGM8876V', 'Pune', 'MH', '2025-05-18 13:45:53'),
  (196, 'Saanvi Kulkarni', 'saanvi.kulkarni196@example.com', '+917718348264', 'SAZYH4043R', 'Delhi', 'DL', '2024-10-22 05:49:29'),
  (197, 'Meera Kulkarni', 'meera.kulkarni197@example.com', '+919361055973', 'DSDIY8580Y', 'Jaipur', 'RJ', '2025-03-27 17:13:27'),
  (198, 'Vihaan Singh', 'vihaan.singh198@example.com', '+918278650124', 'OILCO1339W', 'Mumbai', 'MH', '2024-12-25 22:39:40'),
  (199, 'Myra Patel', 'myra.patel199@example.com', '+919646349248', 'ZGGZB9584T', 'Bengaluru', 'KA', '2025-07-05 05:20:45'),
  (200, 'Kabir Menon', 'kabir.menon200@example.com', '+919459880594', 'QVDEY6042W', 'Chennai', 'TN', '2024-05-15 07:09:45');

-- Accounts
INSERT INTO bank_accounts (account_id, customer_id, account_number, account_type, ifsc, currency, status, opened_at, current_balance) VALUES
  (1, 83, '532401134903', 'CURRENT', 'KIRN00Y2EFZ', 'INR', 'ACTIVE', '2025-08-14 20:17:40', 187715.31),
  (2, 132, '507494975195', 'SALARY', 'KIRN0F3WE8Z', 'INR', 'ACTIVE', '2025-05-14 10:37:00', 106114.32),
  (3, 56, '394182560647', 'NRE', 'KIRN0I5VDCG', 'INR', 'ACTIVE', '2024-10-17 10:35:36', 205855.65),
  (4, 161, '581714871195', 'NRE', 'KIRN0ITKRFX', 'INR', 'ACTIVE', '2025-03-14 06:44:58', 94933.4),
  (5, 65, '816846363738', 'SAVINGS', 'KIRN0O1FGAN', 'INR', 'ACTIVE', '2025-02-09 20:19:46', 95784.43),
  (6, 123, '667907165425', 'SAVINGS', 'KIRN0H1I4EO', 'INR', 'ACTIVE', '2024-01-10 00:44:21', 7603.67),
  (7, 99, '212109071062', 'SAVINGS', 'KIRN0IJE7AK', 'INR', 'ACTIVE', '2024-11-02 04:24:49', 288070.77),
  (8, 113, '923036336754', 'SALARY', 'KIRN0NFGIHY', 'INR', 'ACTIVE', '2025-02-25 19:43:28', 137467.67),
  (9, 90, '371183505731', 'NRE', 'KIRN0SBTN76', 'INR', 'ACTIVE', '2024-03-27 07:35:38', 11998.71),
  (10, 49, '959227831826', 'NRE', 'KIRN0P5E7AX', 'INR', 'ACTIVE', '2024-09-02 15:24:07', 116745.7),
  (11, 82, '726373620828', 'CURRENT', 'KIRN04EBEAQ', 'INR', 'ACTIVE', '2025-07-13 21:11:48', 101212.92),
  (12, 56, '971657943339', 'SAVINGS', 'KIRN001ZF88', 'INR', 'ACTIVE', '2024-10-20 20:45:32', 125660.98),
  (13, 158, '187230385877', 'CURRENT', 'KIRN0ZET1PD', 'INR', 'ACTIVE', '2024-07-27 04:34:20', 3702.7),
  (14, 63, '598714364924', 'SAVINGS', 'KIRN0LHAIAK', 'INR', 'ACTIVE', '2024-02-26 09:42:47', 261318.17),
  (15, 128, '386563505874', 'SALARY', 'KIRN0RHBV1R', 'INR', 'ACTIVE', '2024-05-09 23:49:55', 117925.74),
  (16, 135, '735548002908', 'SAVINGS', 'KIRN0D5KXKQ', 'INR', 'ACTIVE', '2025-05-23 14:32:23', 204422.53),
  (17, 198, '897464274970', 'SAVINGS', 'KIRN0APC4XY', 'INR', 'ACTIVE', '2025-06-05 00:02:54', 226275.04),
  (18, 39, '142337576544', 'CURRENT', 'KIRN0P0UREX', 'INR', 'ACTIVE', '2025-11-02 13:14:20', 210797.72),
  (19, 31, '670390288563', 'SAVINGS', 'KIRN0STUF93', 'INR', 'FROZEN', '2025-02-14 02:56:29', 45246.42),
  (20, 3, '961414990703', 'SALARY', 'KIRN05M8PJA', 'INR', 'ACTIVE', '2025-09-29 07:29:23', 10471.86),
  (21, 105, '797272580412', 'SAVINGS', 'KIRN0YTGN7P', 'INR', 'ACTIVE', '2024-01-10 10:00:48', 117916.36),
  (22, 108, '882295537316', 'NRE', 'KIRN070X3FG', 'INR', 'ACTIVE', '2024-02-14 07:57:54', 148268.0),
  (23, 130, '183298104534', 'CURRENT', 'KIRN0PSQUZU', 'INR', 'ACTIVE', '2024-03-04 13:42:08', 311942.33),
  (24, 82, '246899532166', 'NRE', 'KIRN0K23U0H', 'INR', 'ACTIVE', '2025-08-21 03:09:06', 124716.86),
  (25, 138, '594813029832', 'SALARY', 'KIRN0TCNUJF', 'INR', 'ACTIVE', '2024-09-28 03:05:10', 336878.25),
  (26, 183, '664342572778', 'CURRENT', 'KIRN0BZ299P', 'INR', 'ACTIVE', '2024-11-02 08:52:11', 229414.32),
  (27, 25, '253733242263', 'NRE', 'KIRN0ZXFQEB', 'INR', 'ACTIVE', '2024-03-04 07:08:12', 3004.37),
  (28, 17, '990962753299', 'CURRENT', 'KIRN0DK1Z5B', 'INR', 'ACTIVE', '2024-12-05 03:02:29', 216425.83),
  (29, 98, '401451518634', 'NRE', 'KIRN0PS5094', 'INR', 'ACTIVE', '2024-06-01 01:39:39', 16768.84),
  (30, 16, '560150924878', 'SAVINGS', 'KIRN08BYW48', 'INR', 'ACTIVE', '2025-06-22 07:40:51', 4857.75),
  (31, 125, '454345080889', 'SALARY', 'KIRN0OBRD47', 'INR', 'ACTIVE', '2024-07-03 00:20:38', 207367.75),
  (32, 92, '371013013359', 'CURRENT', 'KIRN0DOYWLL', 'INR', 'ACTIVE', '2024-09-29 17:52:50', 200335.34),
  (33, 61, '493838307202', 'SALARY', 'KIRN0JM58TL', 'INR', 'ACTIVE', '2024-01-29 22:44:22', 201649.45),
  (34, 126, '762424073287', 'SAVINGS', 'KIRN0MIVLUD', 'INR', 'ACTIVE', '2025-06-23 15:00:21', 66391.2),
  (35, 6, '258558270377', 'CURRENT', 'KIRN0ZGVTUI', 'INR', 'ACTIVE', '2025-06-22 11:04:23', 166758.34),
  (36, 41, '636701956994', 'NRE', 'KIRN0WOLYTS', 'INR', 'ACTIVE', '2024-06-27 22:35:44', 259954.82),
  (37, 33, '872874159856', 'CURRENT', 'KIRN0UOG5JV', 'INR', 'ACTIVE', '2025-02-04 18:02:11', 166815.14),
  (38, 191, '452111639457', 'SAVINGS', 'KIRN0V2AQNP', 'INR', 'ACTIVE', '2024-03-31 22:42:40', 138541.94),
  (39, 178, '219344342189', 'SAVINGS', 'KIRN00K05YW', 'INR', 'ACTIVE', '2024-02-19 12:28:46', 136815.15),
  (40, 140, '965347817151', 'NRE', 'KIRN02ECSBU', 'INR', 'ACTIVE', '2025-10-28 21:14:10', 126026.86),
  (41, 67, '277706238481', 'SAVINGS', 'KIRN04B1K1K', 'INR', 'ACTIVE', '2025-07-14 02:21:38', 5463.14),
  (42, 14, '310343439553', 'SAVINGS', 'KIRN08QSTPG', 'INR', 'ACTIVE', '2025-07-21 23:59:46', 65709.31),
  (43, 13, '640478059617', 'NRE', 'KIRN0S4MGBN', 'INR', 'ACTIVE', '2025-01-04 00:27:05', 210627.0),
  (44, 44, '435503556153', 'SALARY', 'KIRN0QF8YLX', 'INR', 'ACTIVE', '2025-04-27 15:57:42', 189880.96),
  (45, 98, '387954437064', 'SALARY', 'KIRN0DJGFW8', 'INR', 'ACTIVE', '2024-09-26 07:53:17', 44728.19),
  (46, 106, '528812958649', 'CURRENT', 'KIRN04P4TFZ', 'INR', 'ACTIVE', '2025-03-04 17:43:55', 206798.01),
  (47, 183, '670803108108', 'SAVINGS', 'KIRN02LKNMI', 'INR', 'ACTIVE', '2025-11-24 19:09:07', 152018.5),
  (48, 11, '579675371399', 'NRE', 'KIRN0QUEFY9', 'INR', 'ACTIVE', '2025-10-04 04:53:38', 18169.51),
  (49, 102, '604743217364', 'SALARY', 'KIRN070H0JJ', 'INR', 'ACTIVE', '2024-01-13 22:39:37', 273149.51),
  (50, 146, '957115200247', 'SAVINGS', 'KIRN00QY54C', 'INR', 'ACTIVE', '2024-10-19 17:56:22', 111430.11),
  (51, 45, '768375270750', 'SALARY', 'KIRN0VPD4RX', 'INR', 'ACTIVE', '2025-02-15 01:25:56', 90038.6),
  (52, 6, '440604027507', 'SALARY', 'KIRN0OIT2UR', 'INR', 'ACTIVE', '2025-05-18 22:43:06', 290202.61),
  (53, 187, '306541914331', 'NRE', 'KIRN07XD6KE', 'INR', 'ACTIVE', '2025-02-20 23:31:48', 134966.56),
  (54, 80, '679181903305', 'NRE', 'KIRN0MDPC3D', 'INR', 'ACTIVE', '2024-01-30 05:12:56', 160567.78),
  (55, 93, '610343073525', 'CURRENT', 'KIRN0PX52L4', 'INR', 'ACTIVE', '2025-10-12 03:43:01', 1214.73),
  (56, 151, '921449689442', 'SALARY', 'KIRN0DKNOON', 'INR', 'ACTIVE', '2024-04-02 09:01:24', 49754.86),
  (57, 69, '958412049179', 'NRE', 'KIRN0ILAOQT', 'INR', 'ACTIVE', '2025-11-29 00:30:58', 221996.74),
  (58, 183, '604008868230', 'SALARY', 'KIRN0ZGA6X9', 'INR', 'ACTIVE', '2025-04-22 09:43:33', 127021.83),
  (59, 166, '628745282829', 'SALARY', 'KIRN0RQTMJ7', 'INR', 'ACTIVE', '2024-10-10 20:20:55', 126230.01),
  (60, 196, '992504356319', 'CURRENT', 'KIRN0B5SQ0Z', 'INR', 'ACTIVE', '2025-11-07 10:43:08', 454645.83),
  (61, 100, '731337659962', 'SAVINGS', 'KIRN084W6TK', 'INR', 'ACTIVE', '2024-12-17 23:45:14', 147886.35),
  (62, 169, '239460941949', 'CURRENT', 'KIRN0VFOWOT', 'INR', 'ACTIVE', '2025-07-26 05:43:57', 35548.11),
  (63, 108, '424637554196', 'SALARY', 'KIRN0E4M6HY', 'INR', 'ACTIVE', '2024-04-30 15:03:55', 272885.47),
  (64, 136, '250971443883', 'SALARY', 'KIRN03JULF5', 'INR', 'FROZEN', '2024-12-16 13:36:57', 103570.26),
  (65, 86, '104544133781', 'CURRENT', 'KIRN0K5FI11', 'INR', 'ACTIVE', '2024-08-02 05:36:48', 69682.27),
  (66, 104, '105941298800', 'NRE', 'KIRN0U7MBAP', 'INR', 'ACTIVE', '2024-07-23 23:23:00', 217662.48),
  (67, 58, '521347923462', 'SALARY', 'KIRN0CTS377', 'INR', 'ACTIVE', '2024-11-09 05:04:52', 226000.98),
  (68, 87, '250304409534', 'NRE', 'KIRN0KZBOOI', 'INR', 'ACTIVE', '2025-05-16 11:48:12', 221964.17),
  (69, 55, '233869770134', 'SAVINGS', 'KIRN0Q8DDGB', 'INR', 'ACTIVE', '2025-10-28 01:24:56', 147553.01),
  (70, 13, '234777163656', 'SAVINGS', 'KIRN0AT0G7R', 'INR', 'ACTIVE', '2025-04-30 22:09:13', 104485.5),
  (71, 160, '215528701496', 'CURRENT', 'KIRN0G5MMQ7', 'INR', 'ACTIVE', '2025-09-24 03:18:07', 105807.93),
  (72, 52, '277362182900', 'SALARY', 'KIRN04VPAAF', 'INR', 'ACTIVE', '2025-05-23 06:44:59', 344813.78),
  (73, 29, '955085394043', 'NRE', 'KIRN03SQ3DG', 'INR', 'ACTIVE', '2024-04-13 08:41:14', 79058.07),
  (74, 45, '982015405881', 'SAVINGS', 'KIRN0CAIKVW', 'INR', 'ACTIVE', '2025-03-12 23:07:06', 214854.88),
  (75, 113, '508421115997', 'SALARY', 'KIRN03RY40K', 'INR', 'ACTIVE', '2024-07-06 03:25:25', 277820.34),
  (76, 29, '212353747742', 'CURRENT', 'KIRN02LYWBI', 'INR', 'ACTIVE', '2025-08-27 15:51:36', 203673.68),
  (77, 124, '582802789605', 'NRE', 'KIRN07OV77G', 'INR', 'ACTIVE', '2024-09-24 20:20:00', 164787.8),
  (78, 111, '845879957720', 'CURRENT', 'KIRN0DAK645', 'INR', 'ACTIVE', '2024-06-01 17:57:39', 154568.55),
  (79, 43, '363370116824', 'SAVINGS', 'KIRN09YZPF3', 'INR', 'ACTIVE', '2024-10-11 01:32:14', 170975.25),
  (80, 114, '591767124599', 'NRE', 'KIRN0GZ0C99', 'INR', 'ACTIVE', '2025-05-24 23:41:01', 55629.47),
  (81, 1, '782741621786', 'SAVINGS', 'KIRN03VXDO3', 'INR', 'ACTIVE', '2025-06-04 17:13:41', 181685.77),
  (82, 85, '887539353371', 'NRE', 'KIRN0VWS97X', 'INR', 'ACTIVE', '2024-04-09 21:14:00', 243345.71),
  (83, 180, '641870921225', 'SAVINGS', 'KIRN0MMHZN3', 'INR', 'ACTIVE', '2025-02-23 03:16:39', 12229.87),
  (84, 49, '149024776861', 'SALARY', 'KIRN0236I5A', 'INR', 'ACTIVE', '2025-11-19 18:07:49', 1151.95),
  (85, 136, '630794051725', 'SAVINGS', 'KIRN0IGYU6Y', 'INR', 'ACTIVE', '2024-06-30 22:37:11', 216886.82),
  (86, 108, '477800757480', 'CURRENT', 'KIRN06T9U9N', 'INR', 'FROZEN', '2025-04-08 04:08:26', 68762.17),
  (87, 52, '852867306229', 'CURRENT', 'KIRN0L68UHW', 'INR', 'ACTIVE', '2025-11-19 04:45:41', 274643.28),
  (88, 144, '834193192808', 'NRE', 'KIRN08S1A7G', 'INR', 'ACTIVE', '2025-11-21 23:57:53', 337814.28),
  (89, 7, '163008261935', 'NRE', 'KIRN0JDSN8C', 'INR', 'ACTIVE', '2024-06-13 09:43:16', 107828.93),
  (90, 92, '842462558459', 'NRE', 'KIRN0YP6SDY', 'INR', 'ACTIVE', '2024-08-17 23:41:35', 36972.45),
  (91, 100, '855810403481', 'NRE', 'KIRN0QM2OX8', 'INR', 'ACTIVE', '2025-07-19 01:00:47', 300951.25),
  (92, 190, '314594990774', 'CURRENT', 'KIRN0L6HYC1', 'INR', 'ACTIVE', '2024-06-30 21:04:11', 170106.18),
  (93, 72, '105390253329', 'SALARY', 'KIRN0UDT59W', 'INR', 'ACTIVE', '2024-06-07 01:09:59', 109764.16),
  (94, 19, '305973693879', 'SALARY', 'KIRN08ZFWON', 'INR', 'ACTIVE', '2025-06-01 05:26:34', 84384.09),
  (95, 170, '337484093561', 'SALARY', 'KIRN0AHW2PP', 'INR', 'ACTIVE', '2025-09-25 16:30:35', 83101.1),
  (96, 11, '521393732766', 'SALARY', 'KIRN0X6625C', 'INR', 'ACTIVE', '2024-10-16 00:58:33', 86349.39),
  (97, 76, '280800756169', 'CURRENT', 'KIRN0ENN1GN', 'INR', 'FROZEN', '2025-07-04 17:00:40', 80418.03),
  (98, 138, '181345611638', 'NRE', 'KIRN0VCFEDL', 'INR', 'ACTIVE', '2024-06-06 00:29:45', 171010.05),
  (99, 65, '547787483327', 'SAVINGS', 'KIRN0BYH8AE', 'INR', 'ACTIVE', '2025-10-07 12:27:20', 232907.92),
  (100, 194, '491153793247', 'SAVINGS', 'KIRN0TFS2YZ', 'INR', 'ACTIVE', '2024-04-18 09:50:43', 314434.7),
  (101, 170, '342809395197', 'SAVINGS', 'KIRN0JTXA99', 'INR', 'ACTIVE', '2025-02-04 17:18:40', 104048.26),
  (102, 37, '755294836639', 'SAVINGS', 'KIRN0WN06JK', 'INR', 'ACTIVE', '2025-07-14 02:19:13', 109113.02),
  (103, 48, '311538915196', 'CURRENT', 'KIRN0939ESE', 'INR', 'ACTIVE', '2025-11-18 18:54:03', 12233.39),
  (104, 65, '635069584048', 'SAVINGS', 'KIRN0PGSEMU', 'INR', 'ACTIVE', '2024-12-31 04:42:41', 15628.98),
  (105, 125, '437839646089', 'NRE', 'KIRN0U1KAUP', 'INR', 'ACTIVE', '2024-06-05 18:36:23', 83737.86),
  (106, 57, '247572868691', 'NRE', 'KIRN0WT59GL', 'INR', 'ACTIVE', '2024-12-05 15:29:28', 299760.67),
  (107, 166, '317061711652', 'SAVINGS', 'KIRN0B6BZNC', 'INR', 'ACTIVE', '2025-10-03 02:46:04', 380023.5),
  (108, 142, '696994991685', 'SALARY', 'KIRN0SI366F', 'INR', 'ACTIVE', '2024-06-01 11:25:14', 215947.55),
  (109, 102, '364839187492', 'SALARY', 'KIRN06I2KLJ', 'INR', 'ACTIVE', '2025-09-20 21:10:48', 136170.46),
  (110, 189, '340691770428', 'NRE', 'KIRN0OCN7XY', 'INR', 'ACTIVE', '2024-08-25 02:16:23', 255223.61),
  (111, 121, '454972710857', 'NRE', 'KIRN0Q8LYYX', 'INR', 'ACTIVE', '2025-06-17 20:53:17', 167529.11),
  (112, 151, '348709712441', 'SAVINGS', 'KIRN04A6I2K', 'INR', 'ACTIVE', '2024-12-27 11:31:50', 130078.78),
  (113, 59, '333134301634', 'SAVINGS', 'KIRN0HO0VH4', 'INR', 'ACTIVE', '2024-06-10 11:38:45', 58514.94),
  (114, 173, '278631086748', 'NRE', 'KIRN0IKI6CJ', 'INR', 'ACTIVE', '2025-02-24 00:15:02', 165640.12),
  (115, 15, '667708938422', 'CURRENT', 'KIRN0SFN244', 'INR', 'ACTIVE', '2025-09-05 18:40:01', 2434.35),
  (116, 44, '257199405309', 'CURRENT', 'KIRN0QKV3EO', 'INR', 'ACTIVE', '2024-07-05 19:42:32', 199080.7),
  (117, 97, '319114468059', 'NRE', 'KIRN0JGL4C8', 'INR', 'ACTIVE', '2025-05-31 21:26:52', 307197.59),
  (118, 129, '244565990477', 'SAVINGS', 'KIRN0170XC7', 'INR', 'ACTIVE', '2025-07-06 00:57:49', 28521.62),
  (119, 110, '969654098217', 'CURRENT', 'KIRN0G1IQ4O', 'INR', 'ACTIVE', '2024-12-24 18:51:47', 213178.14),
  (120, 22, '549011905752', 'SALARY', 'KIRN0A7H7AY', 'INR', 'ACTIVE', '2024-01-06 22:47:50', 174614.34),
  (121, 168, '548033386307', 'CURRENT', 'KIRN0QQ81XR', 'INR', 'ACTIVE', '2024-06-07 13:41:37', 217458.28),
  (122, 175, '707365190159', 'NRE', 'KIRN094QTWZ', 'INR', 'ACTIVE', '2025-05-09 05:23:35', 272241.54),
  (123, 189, '231680617183', 'CURRENT', 'KIRN0N6ZV9D', 'INR', 'ACTIVE', '2025-04-02 22:10:06', 250153.55),
  (124, 42, '980491018781', 'NRE', 'KIRN01FEQOX', 'INR', 'ACTIVE', '2024-05-28 15:59:38', 220863.89),
  (125, 21, '776030622033', 'SAVINGS', 'KIRN0L52AM7', 'INR', 'ACTIVE', '2024-10-20 22:38:03', 210900.13),
  (126, 74, '660920645414', 'CURRENT', 'KIRN0CXPAKF', 'INR', 'ACTIVE', '2024-08-25 19:10:43', 10780.41),
  (127, 71, '544078758256', 'NRE', 'KIRN0EF9S9W', 'INR', 'ACTIVE', '2025-06-14 00:47:45', 217567.24),
  (128, 89, '314589696439', 'SALARY', 'KIRN0L06G9E', 'INR', 'ACTIVE', '2025-02-17 18:00:16', 50690.18),
  (129, 129, '980970845502', 'SALARY', 'KIRN0Q2Y4PV', 'INR', 'ACTIVE', '2024-09-20 17:52:50', 32656.3),
  (130, 199, '748095634908', 'NRE', 'KIRN0YOOU0W', 'INR', 'ACTIVE', '2025-05-08 03:16:04', 12467.95),
  (131, 133, '371714017979', 'SAVINGS', 'KIRN0VE9L4U', 'INR', 'ACTIVE', '2025-02-12 21:47:52', 160321.12),
  (132, 91, '298724167313', 'CURRENT', 'KIRN0MPPQNO', 'INR', 'ACTIVE', '2025-11-30 06:31:47', 142070.4),
  (133, 52, '269032850474', 'CURRENT', 'KIRN05A8C4X', 'INR', 'ACTIVE', '2024-05-02 02:43:42', 425536.02),
  (134, 159, '735212777188', 'SALARY', 'KIRN06RZOID', 'INR', 'ACTIVE', '2025-05-17 05:48:58', 177214.63),
  (135, 135, '136682319027', 'NRE', 'KIRN03H73UA', 'INR', 'ACTIVE', '2025-02-07 21:49:11', 40874.05),
  (136, 4, '456914994203', 'CURRENT', 'KIRN0PR4VXL', 'INR', 'ACTIVE', '2024-09-22 05:35:16', 70944.98),
  (137, 128, '927643258634', 'NRE', 'KIRN0IOGRP9', 'INR', 'ACTIVE', '2025-02-14 08:28:11', 53027.85),
  (138, 111, '266380771054', 'NRE', 'KIRN0I78U5T', 'INR', 'ACTIVE', '2024-01-10 05:26:31', 137.32),
  (139, 65, '279059519490', 'SAVINGS', 'KIRN0G2VQXX', 'INR', 'ACTIVE', '2024-09-17 15:53:40', 69492.08),
  (140, 144, '234912485810', 'SALARY', 'KIRN08LSWU6', 'INR', 'ACTIVE', '2025-11-26 19:12:36', 98314.41),
  (141, 125, '775946552945', 'NRE', 'KIRN0V0ZEFK', 'INR', 'ACTIVE', '2025-10-08 04:55:10', 436459.41),
  (142, 88, '420632249821', 'CURRENT', 'KIRN02X720K', 'INR', 'ACTIVE', '2025-09-11 20:25:17', 67587.72),
  (143, 48, '826857189147', 'SAVINGS', 'KIRN0GGE49D', 'INR', 'ACTIVE', '2024-03-22 06:10:25', 56201.81),
  (144, 7, '194472159640', 'NRE', 'KIRN0YTOPS2', 'INR', 'ACTIVE', '2025-09-24 04:05:41', 95890.11),
  (145, 161, '288285000168', 'CURRENT', 'KIRN0U438R9', 'INR', 'ACTIVE', '2025-11-10 11:55:58', 32948.39),
  (146, 114, '695701754290', 'CURRENT', 'KIRN0178TW4', 'INR', 'ACTIVE', '2025-09-03 14:40:47', 429592.37),
  (147, 139, '436905224669', 'CURRENT', 'KIRN0A7IWS4', 'INR', 'ACTIVE', '2024-09-23 04:19:00', 161035.69),
  (148, 137, '627230740659', 'SAVINGS', 'KIRN0A9XM09', 'INR', 'ACTIVE', '2025-03-16 09:38:14', 53930.04),
  (149, 112, '910524486906', 'NRE', 'KIRN01P7RS8', 'INR', 'ACTIVE', '2025-01-22 07:16:05', 64521.31),
  (150, 69, '297862546067', 'NRE', 'KIRN02R5MUB', 'INR', 'ACTIVE', '2024-04-23 20:29:39', 49997.33),
  (151, 39, '301958514347', 'SAVINGS', 'KIRN02AOFJA', 'INR', 'FROZEN', '2024-10-15 08:08:45', 242444.2),
  (152, 127, '964626638158', 'CURRENT', 'KIRN0CVFJDR', 'INR', 'ACTIVE', '2025-01-15 14:44:50', 143284.79),
  (153, 199, '299587760647', 'NRE', 'KIRN0HPY2PC', 'INR', 'ACTIVE', '2024-09-13 12:53:00', 133606.45),
  (154, 51, '671634206805', 'NRE', 'KIRN0TUKC97', 'INR', 'ACTIVE', '2024-08-01 15:24:43', 175902.31),
  (155, 32, '316031757243', 'SALARY', 'KIRN0P1UAKR', 'INR', 'ACTIVE', '2024-02-23 21:13:07', 57103.49),
  (156, 150, '109633995328', 'SAVINGS', 'KIRN0JXFPK5', 'INR', 'ACTIVE', '2025-08-18 22:30:44', 99254.17),
  (157, 24, '937505622295', 'SALARY', 'KIRN08GI5OU', 'INR', 'ACTIVE', '2024-03-02 11:41:09', 297405.69),
  (158, 143, '905043167656', 'SALARY', 'KIRN0QC529S', 'INR', 'ACTIVE', '2025-01-21 11:46:08', 234236.89),
  (159, 139, '697802009830', 'NRE', 'KIRN09KE7J2', 'INR', 'ACTIVE', '2025-04-24 08:55:53', 184072.4),
  (160, 76, '101950254385', 'SALARY', 'KIRN0BXPUE8', 'INR', 'ACTIVE', '2025-06-02 12:46:11', 121409.0),
  (161, 100, '943950547370', 'CURRENT', 'KIRN0UHG7EC', 'INR', 'ACTIVE', '2025-09-19 09:20:26', 144632.19),
  (162, 34, '216832039810', 'CURRENT', 'KIRN0Y57QDX', 'INR', 'ACTIVE', '2024-04-11 01:36:41', 219923.91),
  (163, 57, '331589082807', 'SAVINGS', 'KIRN0DX90XD', 'INR', 'ACTIVE', '2024-03-22 14:51:40', 2245.21),
  (164, 158, '180463207281', 'SALARY', 'KIRN0GO8YMM', 'INR', 'ACTIVE', '2024-03-20 06:33:06', 129693.57),
  (165, 135, '297343024196', 'CURRENT', 'KIRN0W31GKL', 'INR', 'ACTIVE', '2025-07-25 13:47:06', 83049.77),
  (166, 141, '274622769790', 'NRE', 'KIRN0U9UX01', 'INR', 'ACTIVE', '2025-09-06 14:59:22', 28497.11),
  (167, 186, '699419142236', 'SALARY', 'KIRN022ZACS', 'INR', 'ACTIVE', '2025-07-17 23:16:23', 128940.17),
  (168, 153, '105591367333', 'SAVINGS', 'KIRN0BR969J', 'INR', 'ACTIVE', '2024-08-15 06:54:20', 224350.83),
  (169, 25, '250994330284', 'SAVINGS', 'KIRN0TFZNEU', 'INR', 'ACTIVE', '2025-08-19 07:14:16', 183657.08),
  (170, 124, '859775523172', 'CURRENT', 'KIRN0CYFDVW', 'INR', 'ACTIVE', '2024-04-07 19:41:19', 42932.49),
  (171, 112, '352416903282', 'NRE', 'KIRN0YDT7CU', 'INR', 'ACTIVE', '2025-09-08 00:40:49', 242777.58),
  (172, 139, '343515062136', 'CURRENT', 'KIRN06FO1SZ', 'INR', 'ACTIVE', '2025-11-20 23:25:28', 182236.73),
  (173, 38, '729109005390', 'CURRENT', 'KIRN0Z61II4', 'INR', 'ACTIVE', '2025-07-15 12:16:05', 12121.75),
  (174, 144, '729866610913', 'CURRENT', 'KIRN0PER1UF', 'INR', 'ACTIVE', '2025-09-22 23:33:15', 29812.13),
  (175, 29, '307654401085', 'NRE', 'KIRN0TKW2J2', 'INR', 'ACTIVE', '2025-08-31 20:01:49', 63168.78),
  (176, 12, '269109272632', 'CURRENT', 'KIRN0PJSAVH', 'INR', 'ACTIVE', '2024-03-28 03:47:03', 50248.83),
  (177, 79, '329058666352', 'NRE', 'KIRN0Q94JBY', 'INR', 'ACTIVE', '2024-08-04 06:34:33', 315051.37),
  (178, 150, '409495816010', 'SAVINGS', 'KIRN0AEYRXG', 'INR', 'ACTIVE', '2025-09-24 08:03:29', 2736.59),
  (179, 5, '523695994642', 'SALARY', 'KIRN0U58FLM', 'INR', 'ACTIVE', '2025-01-24 16:45:06', 268747.28),
  (180, 129, '124534868377', 'NRE', 'KIRN0ZKBWWW', 'INR', 'ACTIVE', '2025-06-26 09:21:31', 140391.54),
  (181, 161, '402800569349', 'SALARY', 'KIRN0B9ROJV', 'INR', 'ACTIVE', '2025-10-02 08:56:24', 269824.07),
  (182, 101, '672872217445', 'CURRENT', 'KIRN00PJ1TV', 'INR', 'ACTIVE', '2025-09-19 20:43:14', 63697.43),
  (183, 115, '736250341471', 'CURRENT', 'KIRN07I1JKU', 'INR', 'ACTIVE', '2024-07-26 04:19:44', 165218.89),
  (184, 18, '899488932862', 'SAVINGS', 'KIRN02RJMGI', 'INR', 'ACTIVE', '2024-11-22 13:26:19', 123866.51),
  (185, 48, '776938306428', 'SAVINGS', 'KIRN0OOBWF4', 'INR', 'ACTIVE', '2025-08-03 19:14:38', 251539.56),
  (186, 35, '303469606309', 'NRE', 'KIRN0MOC0AR', 'INR', 'ACTIVE', '2025-05-18 15:08:10', 97309.76),
  (187, 106, '323287805255', 'CURRENT', 'KIRN05U3P1Z', 'INR', 'ACTIVE', '2024-03-08 05:59:28', 228640.28),
  (188, 199, '520152291736', 'SAVINGS', 'KIRN087C7G2', 'INR', 'ACTIVE', '2025-02-07 19:47:36', 122780.21),
  (189, 117, '667991049521', 'SAVINGS', 'KIRN0DMS2ZT', 'INR', 'ACTIVE', '2024-02-10 17:24:33', 212717.36),
  (190, 199, '423937008470', 'SALARY', 'KIRN0J32F6H', 'INR', 'ACTIVE', '2024-02-25 22:33:57', 161779.9),
  (191, 47, '595310493155', 'CURRENT', 'KIRN0M3FQUK', 'INR', 'ACTIVE', '2025-04-09 18:57:45', 55281.14),
  (192, 184, '596954459667', 'SAVINGS', 'KIRN06KY9YC', 'INR', 'ACTIVE', '2024-03-28 16:45:24', 13563.11),
  (193, 197, '276738289659', 'CURRENT', 'KIRN0TT2SLH', 'INR', 'ACTIVE', '2024-07-02 22:03:26', 324743.94),
  (194, 34, '378165256899', 'CURRENT', 'KIRN0A5PN43', 'INR', 'ACTIVE', '2025-05-24 15:34:51', 186049.09),
  (195, 105, '106872386235', 'NRE', 'KIRN09NDLJD', 'INR', 'ACTIVE', '2025-07-14 08:39:40', 206541.36),
  (196, 168, '138026907248', 'SALARY', 'KIRN0FDG0LK', 'INR', 'ACTIVE', '2025-09-09 09:21:58', 153962.17),
  (197, 173, '871769174350', 'SALARY', 'KIRN0XCFTUX', 'INR', 'ACTIVE', '2025-07-29 05:29:47', 147541.44),
  (198, 98, '704917408719', 'SAVINGS', 'KIRN0RV707N', 'INR', 'ACTIVE', '2025-04-27 04:07:44', 236956.98),
  (199, 179, '727534674749', 'CURRENT', 'KIRN0S1UQ7W', 'INR', 'ACTIVE', '2025-10-06 16:05:30', 230959.2),
  (200, 34, '648174654358', 'NRE', 'KIRN0SMAHB3', 'INR', 'ACTIVE', '2024-07-03 19:14:45', 171324.72);

INSERT INTO bank_accounts (account_id, customer_id, account_number, account_type, ifsc, currency, status, opened_at, current_balance) VALUES
  (201, 161, '977063807544', 'SAVINGS', 'KIRN0W9NAMS', 'INR', 'ACTIVE', '2025-02-28 13:02:21', 106671.78),
  (202, 66, '703471636817', 'SAVINGS', 'KIRN0VZBLMV', 'INR', 'ACTIVE', '2024-01-07 03:43:21', 81350.84),
  (203, 87, '142078887182', 'NRE', 'KIRN08V30D7', 'INR', 'ACTIVE', '2025-05-08 04:40:29', 247714.36),
  (204, 77, '327713661752', 'SALARY', 'KIRN0RBVY8K', 'INR', 'ACTIVE', '2024-12-05 11:04:09', 256308.03),
  (205, 147, '927993862448', 'NRE', 'KIRN00F5PX2', 'INR', 'ACTIVE', '2024-11-18 22:02:17', 22921.98),
  (206, 78, '221010758319', 'CURRENT', 'KIRN026B46J', 'INR', 'ACTIVE', '2024-02-08 06:58:05', 195385.56),
  (207, 49, '441551381352', 'SALARY', 'KIRN0INC3Y7', 'INR', 'ACTIVE', '2024-05-26 03:52:33', 389538.31),
  (208, 30, '851808384035', 'SAVINGS', 'KIRN0CG7TBT', 'INR', 'ACTIVE', '2024-03-30 10:29:56', 208122.31),
  (209, 164, '414359589853', 'CURRENT', 'KIRN0RJKRHA', 'INR', 'ACTIVE', '2024-11-22 14:42:07', 1597.51),
  (210, 160, '702800026370', 'SAVINGS', 'KIRN0PKETV8', 'INR', 'ACTIVE', '2024-05-24 22:51:18', 63867.52),
  (211, 114, '154440840533', 'SAVINGS', 'KIRN0L2WTVM', 'INR', 'ACTIVE', '2024-02-25 02:27:25', 157968.79),
  (212, 183, '940764513911', 'SAVINGS', 'KIRN03G3T34', 'INR', 'ACTIVE', '2024-05-14 02:52:51', 371981.31),
  (213, 60, '778156871370', 'CURRENT', 'KIRN0VU35BE', 'INR', 'ACTIVE', '2025-01-07 12:11:44', 150558.77),
  (214, 122, '409971232353', 'SAVINGS', 'KIRN0GZGU9E', 'INR', 'ACTIVE', '2025-09-10 18:08:32', 17039.32),
  (215, 78, '363768724519', 'NRE', 'KIRN0EVN11V', 'INR', 'ACTIVE', '2025-07-15 05:30:24', 205196.72),
  (216, 140, '184480311048', 'CURRENT', 'KIRN03U9G2L', 'INR', 'ACTIVE', '2025-08-10 15:07:37', 184221.0),
  (217, 79, '852086331453', 'NRE', 'KIRN0DFNIAJ', 'INR', 'ACTIVE', '2025-01-23 10:31:41', 220608.79),
  (218, 170, '526453759246', 'CURRENT', 'KIRN0UTT1WF', 'INR', 'ACTIVE', '2025-04-02 06:13:43', 109398.43),
  (219, 150, '544573885344', 'SAVINGS', 'KIRN09DA9WH', 'INR', 'ACTIVE', '2024-10-28 01:23:57', 191314.09),
  (220, 73, '751556081712', 'SAVINGS', 'KIRN0Y18NL4', 'INR', 'ACTIVE', '2024-11-21 22:24:25', 5773.15),
  (221, 36, '269295737359', 'CURRENT', 'KIRN0EBJ51I', 'INR', 'ACTIVE', '2025-11-17 04:08:00', 46473.29),
  (222, 22, '867892600479', 'CURRENT', 'KIRN06192YW', 'INR', 'ACTIVE', '2025-03-11 19:11:29', 208948.17),
  (223, 58, '731392104090', 'CURRENT', 'KIRN008XCC4', 'INR', 'ACTIVE', '2024-08-30 22:32:17', 263092.3),
  (224, 181, '188865009116', 'SALARY', 'KIRN0F7FP4E', 'INR', 'ACTIVE', '2025-06-23 08:29:33', 112042.28),
  (225, 176, '477543023947', 'SALARY', 'KIRN04V0WSS', 'INR', 'ACTIVE', '2024-01-12 15:29:32', 337150.61),
  (226, 43, '922905582835', 'SAVINGS', 'KIRN04KDSBS', 'INR', 'ACTIVE', '2025-07-31 08:03:40', 148496.62),
  (227, 125, '408308913697', 'SAVINGS', 'KIRN0QAHLJ2', 'INR', 'ACTIVE', '2025-09-22 08:17:54', 32192.18),
  (228, 95, '360707842940', 'CURRENT', 'KIRN0JJ50YP', 'INR', 'ACTIVE', '2025-06-24 01:21:05', 140777.53),
  (229, 170, '328351742831', 'NRE', 'KIRN0HDK3Z4', 'INR', 'ACTIVE', '2024-12-19 01:41:16', 253010.87),
  (230, 78, '355690230027', 'NRE', 'KIRN071AS2Y', 'INR', 'ACTIVE', '2025-02-03 15:16:09', 304329.52),
  (231, 174, '203255384423', 'SALARY', 'KIRN0RVRRGQ', 'INR', 'ACTIVE', '2025-10-14 11:54:27', 234207.4),
  (232, 168, '923239106815', 'NRE', 'KIRN07VLU9A', 'INR', 'ACTIVE', '2025-11-19 18:49:12', 117996.51),
  (233, 173, '551022939966', 'SAVINGS', 'KIRN0OSQMCB', 'INR', 'ACTIVE', '2024-04-16 21:28:22', 120162.24),
  (234, 159, '824106311497', 'SAVINGS', 'KIRN0HFIYLH', 'INR', 'ACTIVE', '2024-08-10 19:40:07', 5674.78),
  (235, 179, '827855031967', 'CURRENT', 'KIRN01UQKER', 'INR', 'ACTIVE', '2025-10-16 14:59:17', 137706.25),
  (236, 199, '383725791475', 'SAVINGS', 'KIRN05MZL5G', 'INR', 'ACTIVE', '2024-09-28 05:28:04', 8674.13),
  (237, 37, '218727233386', 'NRE', 'KIRN0EQ2B5J', 'INR', 'ACTIVE', '2024-09-22 03:02:04', 25351.06),
  (238, 168, '528056222626', 'SAVINGS', 'KIRN06541ZE', 'INR', 'ACTIVE', '2024-12-03 12:36:00', 230663.18),
  (239, 139, '860012310092', 'CURRENT', 'KIRN0WVTZDF', 'INR', 'ACTIVE', '2025-05-08 03:36:34', 886.49),
  (240, 94, '935197791408', 'SALARY', 'KIRN0CYMTYG', 'INR', 'ACTIVE', '2025-10-25 06:11:35', 41924.89),
  (241, 162, '795291700490', 'SALARY', 'KIRN0BP5YE8', 'INR', 'ACTIVE', '2024-07-13 04:02:12', 196360.99),
  (242, 165, '597407799360', 'SALARY', 'KIRN0VCZHN7', 'INR', 'ACTIVE', '2024-01-17 01:21:03', 196854.63),
  (243, 118, '138964087093', 'CURRENT', 'KIRN0CPIALD', 'INR', 'ACTIVE', '2025-05-15 20:01:30', 123189.92),
  (244, 79, '171257984899', 'SAVINGS', 'KIRN0OEM1VZ', 'INR', 'ACTIVE', '2024-04-18 03:31:38', 91977.74),
  (245, 84, '699474213606', 'SAVINGS', 'KIRN0VEHRJ0', 'INR', 'ACTIVE', '2024-08-06 01:37:11', 203249.47),
  (246, 44, '368172007906', 'SALARY', 'KIRN0YKB5FA', 'INR', 'ACTIVE', '2024-02-11 04:06:50', 121728.95),
  (247, 2, '816000001677', 'CURRENT', 'KIRN04INJR7', 'INR', 'ACTIVE', '2024-10-17 13:44:51', 192133.37),
  (248, 116, '770764580143', 'NRE', 'KIRN0FTW0A9', 'INR', 'ACTIVE', '2025-09-02 05:45:31', 34386.92),
  (249, 61, '779015791780', 'CURRENT', 'KIRN0NRDMHJ', 'INR', 'ACTIVE', '2025-07-06 16:14:29', 1861.47),
  (250, 176, '835125569840', 'NRE', 'KIRN0N1QV3C', 'INR', 'ACTIVE', '2024-02-25 20:23:18', 111721.55),
  (251, 27, '272554123362', 'SAVINGS', 'KIRN0P2U0MU', 'INR', 'ACTIVE', '2025-05-11 16:07:04', 339767.81),
  (252, 59, '358119220029', 'SAVINGS', 'KIRN0E45D1J', 'INR', 'ACTIVE', '2024-07-23 12:57:14', 62773.14),
  (253, 56, '247632994272', 'NRE', 'KIRN0MVICDR', 'INR', 'ACTIVE', '2024-07-17 20:22:17', 108584.15),
  (254, 35, '561531082159', 'SAVINGS', 'KIRN0KK9OF0', 'INR', 'ACTIVE', '2024-12-17 07:56:18', 224053.69),
  (255, 134, '749469675611', 'NRE', 'KIRN01PPU1O', 'INR', 'ACTIVE', '2025-04-18 08:00:46', 236309.95),
  (256, 152, '108152929382', 'CURRENT', 'KIRN06C17Z4', 'INR', 'ACTIVE', '2024-02-15 01:30:46', 167877.43),
  (257, 179, '191227302226', 'SAVINGS', 'KIRN0NIWSPF', 'INR', 'ACTIVE', '2024-01-13 22:46:26', 113384.12),
  (258, 5, '873789051139', 'NRE', 'KIRN033IZLX', 'INR', 'ACTIVE', '2025-08-07 23:37:01', 252433.9),
  (259, 161, '180003665908', 'NRE', 'KIRN01R8NFV', 'INR', 'ACTIVE', '2024-12-06 16:02:18', 163659.05),
  (260, 189, '842642812822', 'SAVINGS', 'KIRN03CXXL9', 'INR', 'ACTIVE', '2024-02-22 03:24:23', 50917.48),
  (261, 181, '326660780920', 'SAVINGS', 'KIRN04NOUWR', 'INR', 'ACTIVE', '2024-12-08 07:34:07', 225817.37),
  (262, 129, '508294061686', 'NRE', 'KIRN0H488S2', 'INR', 'ACTIVE', '2025-05-12 16:33:53', 35386.04),
  (263, 159, '864269524531', 'SALARY', 'KIRN03FFZLS', 'INR', 'ACTIVE', '2024-03-08 06:57:56', 199885.97),
  (264, 20, '864985320586', 'SAVINGS', 'KIRN0BS08I4', 'INR', 'ACTIVE', '2024-06-03 06:33:40', 142173.75),
  (265, 89, '124243735081', 'NRE', 'KIRN0O7V0VU', 'INR', 'ACTIVE', '2024-03-05 00:55:51', 112019.66),
  (266, 125, '244170248107', 'NRE', 'KIRN0O4XSDJ', 'INR', 'ACTIVE', '2024-11-09 05:50:16', 241151.33),
  (267, 91, '779319356710', 'SALARY', 'KIRN0JKPHCU', 'INR', 'ACTIVE', '2025-07-02 09:11:11', 138978.03),
  (268, 148, '303451192683', 'CURRENT', 'KIRN0JX28K8', 'INR', 'ACTIVE', '2024-02-05 21:20:22', 191260.02),
  (269, 78, '943958569327', 'SAVINGS', 'KIRN086VS4S', 'INR', 'ACTIVE', '2025-04-14 10:09:00', 286471.67),
  (270, 194, '589292518877', 'CURRENT', 'KIRN0CI9HTB', 'INR', 'ACTIVE', '2024-04-25 23:30:57', 171121.3),
  (271, 103, '456879489001', 'CURRENT', 'KIRN0ORMBF8', 'INR', 'ACTIVE', '2025-10-18 06:37:33', 221859.88),
  (272, 115, '312147434022', 'SAVINGS', 'KIRN0XZJ1XY', 'INR', 'ACTIVE', '2025-09-09 19:32:03', 310327.18),
  (273, 96, '436516507468', 'SAVINGS', 'KIRN0202SK1', 'INR', 'FROZEN', '2025-07-28 02:13:46', 71520.27),
  (274, 187, '759651915458', 'NRE', 'KIRN07VEYFA', 'INR', 'ACTIVE', '2024-07-31 09:30:55', 115816.94),
  (275, 105, '609193343225', 'SALARY', 'KIRN0YS95CT', 'INR', 'ACTIVE', '2024-05-20 06:11:53', 118735.94),
  (276, 150, '609983798360', 'SALARY', 'KIRN04HS0L5', 'INR', 'ACTIVE', '2024-01-03 04:16:19', 15139.36),
  (277, 177, '403932151046', 'CURRENT', 'KIRN041Q4HX', 'INR', 'ACTIVE', '2024-03-09 19:47:23', 5561.56),
  (278, 132, '736354583351', 'SAVINGS', 'KIRN0IWKDRX', 'INR', 'ACTIVE', '2024-11-23 14:56:44', 190573.46),
  (279, 108, '681073272729', 'SALARY', 'KIRN0LGK8UU', 'INR', 'ACTIVE', '2024-03-19 16:12:49', 142967.57),
  (280, 176, '858911991718', 'SALARY', 'KIRN0JAI7SX', 'INR', 'ACTIVE', '2025-07-01 18:22:52', 60001.48),
  (281, 200, '212369354548', 'NRE', 'KIRN09789H0', 'INR', 'ACTIVE', '2025-05-30 07:53:12', 246082.47),
  (282, 118, '624060654070', 'SAVINGS', 'KIRN07VLTBH', 'INR', 'ACTIVE', '2025-01-06 04:52:28', 13994.73),
  (283, 57, '856525672791', 'CURRENT', 'KIRN01HEB41', 'INR', 'ACTIVE', '2024-05-08 06:08:05', 146351.0),
  (284, 11, '824960651796', 'CURRENT', 'KIRN0QCETAG', 'INR', 'ACTIVE', '2024-03-01 15:07:58', 9185.35),
  (285, 32, '302722561287', 'CURRENT', 'KIRN0RWWK6P', 'INR', 'ACTIVE', '2024-01-30 02:09:54', 128472.11),
  (286, 130, '940001687953', 'SAVINGS', 'KIRN0K8AGN6', 'INR', 'ACTIVE', '2024-08-10 22:12:18', 21366.65),
  (287, 182, '304394833186', 'NRE', 'KIRN0Y1N6O0', 'INR', 'ACTIVE', '2024-04-19 05:53:22', 235572.72),
  (288, 29, '671704454681', 'SALARY', 'KIRN0CFU5HY', 'INR', 'ACTIVE', '2025-01-04 22:18:35', 15820.92),
  (289, 73, '852959336285', 'NRE', 'KIRN0S1ME4X', 'INR', 'FROZEN', '2025-03-30 07:35:26', 150297.18),
  (290, 46, '840845988598', 'SAVINGS', 'KIRN0FHJZZG', 'INR', 'ACTIVE', '2025-03-24 16:42:43', 199758.77),
  (291, 190, '318936849116', 'CURRENT', 'KIRN015RRZW', 'INR', 'ACTIVE', '2025-09-01 12:07:14', 43197.23),
  (292, 122, '407139186627', 'NRE', 'KIRN055OIBG', 'INR', 'ACTIVE', '2025-04-10 03:07:16', 370324.24),
  (293, 189, '845168815335', 'SAVINGS', 'KIRN0UJTGE7', 'INR', 'ACTIVE', '2024-07-02 12:38:43', 249691.6),
  (294, 197, '422989837476', 'NRE', 'KIRN0V88BC1', 'INR', 'ACTIVE', '2025-05-17 16:16:34', 313996.61),
  (295, 31, '515979927589', 'NRE', 'KIRN0TK51IT', 'INR', 'ACTIVE', '2024-02-06 01:11:35', 221369.12),
  (296, 184, '723240050004', 'NRE', 'KIRN0449K6D', 'INR', 'ACTIVE', '2025-11-06 17:43:34', 122015.61),
  (297, 101, '516486718564', 'SALARY', 'KIRN0BCIXWB', 'INR', 'ACTIVE', '2024-12-27 09:20:03', 99018.41),
  (298, 196, '479796004529', 'SALARY', 'KIRN0PPPTFE', 'INR', 'FROZEN', '2025-02-25 11:03:42', 95453.06),
  (299, 79, '688495181896', 'SAVINGS', 'KIRN060RB4B', 'INR', 'ACTIVE', '2025-04-16 21:55:27', 75299.62),
  (300, 82, '728450014451', 'NRE', 'KIRN0NV56VK', 'INR', 'ACTIVE', '2025-05-15 03:44:43', 80320.29);

-- Transactions (1000 rows)
INSERT INTO bank_transactions (txn_id, account_id, counterparty_account_id, txn_type, direction, amount, fee, currency, channel, status, reference, booked_at, description) VALUES
  (1, 39, NULL, 'FEE', 'DEBIT', 210.89, 0.0, 'INR', 'SYSTEM', 'POSTED', 'TXN20250107000001', '2025-01-07 13:12:31', 'Bank fee/charge'),
  (2, 294, NULL, 'FEE', 'DEBIT', 103.5, 0.0, 'INR', 'SYSTEM', 'POSTED', 'TXN20241021000002', '2024-10-21 08:03:19', 'Bank fee/charge'),
  (3, 140, NULL, 'WITHDRAWAL', 'DEBIT', 3456.76, 4.15, 'INR', 'ATM', 'POSTED', 'TXN20250815000003', '2025-08-15 03:37:21', 'Cash withdrawal'),
  (4, 155, NULL, 'CARD', 'DEBIT', 10102.7, 0.0, 'INR', 'POS', 'POSTED', 'TXN20240802000004', '2024-08-02 11:50:04', 'Card purchase'),
  (5, 213, 206, 'TRANSFER', 'DEBIT', 18882.3, 24.33, 'INR', 'POS', 'POSTED', 'TXN20251110000005', '2025-11-10 17:20:12', 'Transfer to acct 221010758319'),
  (6, 265, NULL, 'INTEREST', 'CREDIT', 776.58, 0.0, 'INR', 'SYSTEM', 'POSTED', 'TXN20240703000006', '2024-07-03 00:40:45', 'Interest credit'),
  (7, 240, NULL, 'FEE', 'DEBIT', 70.64, 0.0, 'INR', 'SYSTEM', 'POSTED', 'TXN20240806000007', '2024-08-06 21:52:47', 'Bank fee/charge'),
  (8, 31, NULL, 'INTEREST', 'CREDIT', 470.52, 0.0, 'INR', 'SYSTEM', 'POSTED', 'TXN20250921000008', '2025-09-21 13:59:36', 'Interest credit'),
  (9, 154, 223, 'TRANSFER', 'DEBIT', 30799.01, 66.23, 'INR', 'MOBILE', 'POSTED', 'TXN20240531000009', '2024-05-31 07:09:47', 'Transfer to acct 731392104090'),
  (10, 83, NULL, 'DEPOSIT', 'CREDIT', 38541.35, 0.0, 'INR', 'NEFT', 'POSTED', 'TXN20250226000010', '2025-02-26 08:52:18', 'Cash/cheque deposit'),
  (11, 99, NULL, 'FEE', 'DEBIT', 11.79, 0.0, 'INR', 'SYSTEM', 'POSTED', 'TXN20250219000011', '2025-02-19 07:07:09', 'Bank fee/charge'),
  (12, 104, 82, 'TRANSFER', 'DEBIT', 20489.76, 1.49, 'INR', 'MOBILE', 'POSTED', 'TXN20250512000012', '2025-05-12 17:27:27', 'Transfer to acct 887539353371'),
  (13, 249, 11, 'TRANSFER', 'DEBIT', 4196.78, 9.41, 'INR', 'NETBANKING', 'POSTED', 'TXN20240629000013', '2024-06-29 20:54:02', 'Transfer to acct 726373620828'),
  (14, 47, 204, 'TRANSFER', 'DEBIT', 70740.0, 128.08, 'INR', 'RTGS', 'POSTED', 'TXN20240306000014', '2024-03-06 13:57:23', 'Transfer to acct 327713661752'),
  (15, 62, NULL, 'WITHDRAWAL', 'DEBIT', 26145.68, 32.51, 'INR', 'NEFT', 'POSTED', 'TXN20240424000015', '2024-04-24 18:47:32', 'Cash withdrawal'),
  (16, 63, NULL, 'FEE', 'DEBIT', 194.43, 0.0, 'INR', 'SYSTEM', 'POSTED', 'TXN20250523000016', '2025-05-23 02:15:38', 'Bank fee/charge'),
  (17, 121, 217, 'TRANSFER', 'DEBIT', 16389.73, 4.38, 'INR', 'IMPS', 'POSTED', 'TXN20250821000017', '2025-08-21 23:24:51', 'Transfer to acct 852086331453'),
  (18, 29, NULL, 'WITHDRAWAL', 'DEBIT', 24568.89, 13.81, 'INR', 'RTGS', 'POSTED', 'TXN20250326000018', '2025-03-26 13:16:55', 'Cash withdrawal'),
  (19, 127, NULL, 'DEPOSIT', 'CREDIT', 144500.97, 0.0, 'INR', 'IMPS', 'POSTED', 'TXN20250712000019', '2025-07-12 13:30:43', 'Cash/cheque deposit'),
  (20, 158, NULL, 'WITHDRAWAL', 'DEBIT', 1151.6, 1.67, 'INR', 'IMPS', 'POSTED', 'TXN20250501000020', '2025-05-01 22:23:52', 'Cash withdrawal'),
  (21, 123, NULL, 'FEE', 'DEBIT', 66.98, 0.0, 'INR', 'SYSTEM', 'POSTED', 'TXN20251109000021', '2025-11-09 01:44:58', 'Bank fee/charge'),
  (22, 63, NULL, 'CARD', 'DEBIT', 10707.52, 0.0, 'INR', 'POS', 'POSTED', 'TXN20251016000022', '2025-10-16 22:23:57', 'Card purchase'),
  (23, 131, NULL, 'WITHDRAWAL', 'DEBIT', 15114.32, 21.23, 'INR', 'MOBILE', 'POSTED', 'TXN20250201000023', '2025-02-01 00:58:25', 'Cash withdrawal'),
  (24, 163, NULL, 'WITHDRAWAL', 'DEBIT', 1487.29, 0.91, 'INR', 'RTGS', 'POSTED', 'TXN20240803000024', '2024-08-03 05:58:28', 'Cash withdrawal'),
  (25, 212, NULL, 'DEPOSIT', 'CREDIT', 138981.93, 0.0, 'INR', 'RTGS', 'POSTED', 'TXN20240323000025', '2024-03-23 15:30:47', 'Cash/cheque deposit'),
  (26, 260, 34, 'TRANSFER', 'DEBIT', 26421.63, 39.77, 'INR', 'POS', 'POSTED', 'TXN20240412000026', '2024-04-12 05:44:16', 'Transfer to acct 762424073287'),
  (27, 27, NULL, 'FEE', 'DEBIT', 162.14, 0.0, 'INR', 'SYSTEM', 'POSTED', 'TXN20250409000027', '2025-04-09 22:01:48', 'Bank fee/charge'),
  (28, 103, NULL, 'WITHDRAWAL', 'DEBIT', 31451.98, 14.8, 'INR', 'MOBILE', 'POSTED', 'TXN20251018000028', '2025-10-18 04:00:25', 'Cash withdrawal'),
  (29, 67, NULL, 'DEPOSIT', 'CREDIT', 127059.37, 0.0, 'INR', 'ATM', 'POSTED', 'TXN20240610000029', '2024-06-10 07:33:45', 'Cash/cheque deposit'),
  (30, 69, NULL, 'INTEREST', 'CREDIT', 235.35, 0.0, 'INR', 'SYSTEM', 'POSTED', 'TXN20241123000030', '2024-11-23 14:30:55', 'Interest credit'),
  (31, 189, NULL, 'INTEREST', 'CREDIT', 164.52, 0.0, 'INR', 'SYSTEM', 'POSTED', 'TXN20241015000031', '2024-10-15 06:05:26', 'Interest credit'),
  (32, 118, NULL, 'CARD', 'DEBIT', 18138.76, 0.0, 'INR', 'POS', 'POSTED', 'TXN20240122000032', '2024-01-22 00:59:35', 'Card purchase'),
  (33, 26, NULL, 'CARD', 'DEBIT', 8032.68, 0.0, 'INR', 'POS', 'POSTED', 'TXN20240925000033', '2024-09-25 22:54:10', 'Card purchase'),
  (34, 291, NULL, 'CARD', 'DEBIT', 2364.66, 0.0, 'INR', 'POS', 'POSTED', 'TXN20240601000034', '2024-06-01 02:23:10', 'Card purchase'),
  (35, 254, NULL, 'INTEREST', 'CREDIT', 107.54, 0.0, 'INR', 'SYSTEM', 'POSTED', 'TXN20250321000035', '2025-03-21 14:52:43', 'Interest credit'),
  (36, 254, NULL, 'INTEREST', 'CREDIT', 344.48, 0.0, 'INR', 'SYSTEM', 'POSTED', 'TXN20240714000036', '2024-07-14 08:18:47', 'Interest credit'),
  (37, 215, NULL, 'CARD', 'DEBIT', 3623.79, 0.0, 'INR', 'POS', 'POSTED', 'TXN20250906000037', '2025-09-06 06:52:18', 'Card purchase'),
  (38, 231, NULL, 'WITHDRAWAL', 'DEBIT', 45375.68, 25.16, 'INR', 'BRANCH', 'POSTED', 'TXN20241024000038', '2024-10-24 08:15:39', 'Cash withdrawal'),
  (39, 166, NULL, 'INTEREST', 'CREDIT', 876.98, 0.0, 'INR', 'SYSTEM', 'POSTED', 'TXN20240328000039', '2024-03-28 00:30:08', 'Interest credit'),
  (40, 132, NULL, 'CARD', 'DEBIT', 1479.65, 0.0, 'INR', 'POS', 'POSTED', 'TXN20250127000040', '2025-01-27 22:27:47', 'Card purchase'),
  (41, 242, NULL, 'FEE', 'DEBIT', 227.52, 0.0, 'INR', 'SYSTEM', 'POSTED', 'TXN20240223000041', '2024-02-23 10:59:15', 'Bank fee/charge'),
  (42, 196, NULL, 'FEE', 'DEBIT', 79.11, 0.0, 'INR', 'SYSTEM', 'POSTED', 'TXN20240106000042', '2024-01-06 08:32:39', 'Bank fee/charge'),
  (43, 92, NULL, 'CARD', 'DEBIT', 5220.63, 0.0, 'INR', 'POS', 'POSTED', 'TXN20240515000043', '2024-05-15 17:02:37', 'Card purchase'),
  (44, 163, NULL, 'FEE', 'DEBIT', 179.01, 0.0, 'INR', 'SYSTEM', 'POSTED', 'TXN20241213000044', '2024-12-13 14:08:05', 'Bank fee/charge'),
  (45, 66, NULL, 'CARD', 'DEBIT', 9994.23, 0.0, 'INR', 'POS', 'POSTED', 'TXN20240923000045', '2024-09-23 03:20:02', 'Card purchase'),
  (46, 135, 136, 'TRANSFER', 'DEBIT', 38797.1, 42.27, 'INR', 'IMPS', 'POSTED', 'TXN20250316000046', '2025-03-16 09:57:56', 'Transfer to acct 456914994203'),
  (47, 226, NULL, 'WITHDRAWAL', 'DEBIT', 2755.79, 0.61, 'INR', 'IMPS', 'POSTED', 'TXN20250518000047', '2025-05-18 04:35:54', 'Cash withdrawal'),
  (48, 240, NULL, 'WITHDRAWAL', 'DEBIT', 10207.39, 14.2, 'INR', 'UPI', 'POSTED', 'TXN20240206000048', '2024-02-06 15:16:10', 'Cash withdrawal'),
  (49, 235, NULL, 'DEPOSIT', 'CREDIT', 73998.98, 0.0, 'INR', 'MOBILE', 'POSTED', 'TXN20241231000049', '2024-12-31 22:35:31', 'Cash/cheque deposit'),
  (50, 146, NULL, 'INTEREST', 'CREDIT', 163.41, 0.0, 'INR', 'SYSTEM', 'POSTED', 'TXN20240506000050', '2024-05-06 11:05:13', 'Interest credit'),
  (51, 300, NULL, 'WITHDRAWAL', 'DEBIT', 10698.57, 16.02, 'INR', 'NETBANKING', 'POSTED', 'TXN20241006000051', '2024-10-06 18:57:42', 'Cash withdrawal'),
  (52, 40, NULL, 'DEPOSIT', 'CREDIT', 36999.0, 0.0, 'INR', 'NETBANKING', 'POSTED', 'TXN20250807000052', '2025-08-07 05:26:58', 'Cash/cheque deposit'),
  (53, 63, NULL, 'CARD', 'DEBIT', 7895.51, 0.0, 'INR', 'POS', 'POSTED', 'TXN20241202000053', '2024-12-02 00:18:43', 'Card purchase'),
  (54, 236, NULL, 'FEE', 'DEBIT', 208.52, 0.0, 'INR', 'SYSTEM', 'POSTED', 'TXN20241127000054', '2024-11-27 04:01:05', 'Bank fee/charge'),
  (55, 3, NULL, 'INTEREST', 'CREDIT', 297.15, 0.0, 'INR', 'SYSTEM', 'POSTED', 'TXN20250409000055', '2025-04-09 20:17:38', 'Interest credit'),
  (56, 292, NULL, 'DEPOSIT', 'CREDIT', 19485.1, 0.0, 'INR', 'MOBILE', 'POSTED', 'TXN20241128000056', '2024-11-28 23:46:58', 'Cash/cheque deposit'),
  (57, 281, NULL, 'DEPOSIT', 'CREDIT', 142789.84, 0.0, 'INR', 'RTGS', 'POSTED', 'TXN20241126000057', '2024-11-26 01:47:04', 'Cash/cheque deposit'),
  (58, 205, NULL, 'CARD', 'DEBIT', 1801.98, 0.0, 'INR', 'POS', 'POSTED', 'TXN20250212000058', '2025-02-12 08:11:15', 'Card purchase'),
  (59, 79, NULL, 'WITHDRAWAL', 'DEBIT', 6118.04, 4.5, 'INR', 'UPI', 'POSTED', 'TXN20250201000059', '2025-02-01 12:18:41', 'Cash withdrawal'),
  (60, 50, NULL, 'CARD', 'DEBIT', 16644.42, 0.0, 'INR', 'POS', 'POSTED', 'TXN20250909000060', '2025-09-09 04:22:42', 'Card purchase'),
  (61, 244, NULL, 'FEE', 'DEBIT', 70.78, 0.0, 'INR', 'SYSTEM', 'POSTED', 'TXN20250516000061', '2025-05-16 14:56:24', 'Bank fee/charge'),
  (62, 96, NULL, 'FEE', 'DEBIT', 111.36, 0.0, 'INR', 'SYSTEM', 'POSTED', 'TXN20240402000062', '2024-04-02 13:51:23', 'Bank fee/charge'),
  (63, 115, NULL, 'CARD', 'DEBIT', 12959.26, 0.0, 'INR', 'POS', 'POSTED', 'TXN20240211000063', '2024-02-11 16:21:29', 'Card purchase'),
  (64, 269, NULL, 'INTEREST', 'CREDIT', 76.49, 0.0, 'INR', 'SYSTEM', 'POSTED', 'TXN20250522000064', '2025-05-22 16:40:41', 'Interest credit'),
  (65, 66, NULL, 'CARD', 'DEBIT', 13692.59, 0.0, 'INR', 'POS', 'POSTED', 'TXN20240322000065', '2024-03-22 15:19:09', 'Card purchase'),
  (66, 25, 283, 'TRANSFER', 'DEBIT', 5786.11, 0.65, 'INR', 'NEFT', 'POSTED', 'TXN20250619000066', '2025-06-19 13:18:36', 'Transfer to acct 856525672791'),
  (67, 292, NULL, 'DEPOSIT', 'CREDIT', 121942.43, 0.0, 'INR', 'NETBANKING', 'POSTED', 'TXN20250311000067', '2025-03-11 13:06:29', 'Cash/cheque deposit'),
  (68, 9, 59, 'TRANSFER', 'DEBIT', 55551.69, 64.28, 'INR', 'RTGS', 'POSTED', 'TXN20250822000068', '2025-08-22 02:49:32', 'Transfer to acct 628745282829'),
  (69, 153, NULL, 'WITHDRAWAL', 'DEBIT', 15765.92, 17.12, 'INR', 'POS', 'POSTED', 'TXN20240216000069', '2024-02-16 02:26:56', 'Cash withdrawal'),
  (70, 96, NULL, 'INTEREST', 'CREDIT', 190.75, 0.0, 'INR', 'SYSTEM', 'POSTED', 'TXN20250930000070', '2025-09-30 08:21:58', 'Interest credit'),
  (71, 10, NULL, 'DEPOSIT', 'CREDIT', 976.48, 0.0, 'INR', 'RTGS', 'POSTED', 'TXN20251120000071', '2025-11-20 03:27:34', 'Cash/cheque deposit'),
  (72, 208, NULL, 'DEPOSIT', 'CREDIT', 130330.2, 0.0, 'INR', 'BRANCH', 'POSTED', 'TXN20240624000072', '2024-06-24 20:30:29', 'Cash/cheque deposit'),
  (73, 185, NULL, 'INTEREST', 'CREDIT', 621.91, 0.0, 'INR', 'SYSTEM', 'POSTED', 'TXN20241106000073', '2024-11-06 19:52:39', 'Interest credit'),
  (74, 8, NULL, 'INTEREST', 'CREDIT', 172.53, 0.0, 'INR', 'SYSTEM', 'POSTED', 'TXN20241105000074', '2024-11-05 02:08:08', 'Interest credit'),
  (75, 75, NULL, 'DEPOSIT', 'CREDIT', 97496.0, 0.0, 'INR', 'NEFT', 'POSTED', 'TXN20240128000075', '2024-01-28 06:30:41', 'Cash/cheque deposit'),
  (76, 238, NULL, 'CARD', 'DEBIT', 2980.35, 0.0, 'INR', 'POS', 'POSTED', 'TXN20240714000076', '2024-07-14 02:19:49', 'Card purchase'),
  (77, 228, NULL, 'CARD', 'DEBIT', 19278.06, 0.0, 'INR', 'POS', 'POSTED', 'TXN20240429000077', '2024-04-29 05:57:09', 'Card purchase'),
  (78, 292, NULL, 'CARD', 'DEBIT', 16592.43, 0.0, 'INR', 'POS', 'POSTED', 'TXN20250405000078', '2025-04-05 18:15:12', 'Card purchase'),
  (79, 222, NULL, 'CARD', 'DEBIT', 19590.15, 0.0, 'INR', 'POS', 'POSTED', 'TXN20241207000079', '2024-12-07 00:06:40', 'Card purchase'),
  (80, 249, NULL, 'CARD', 'DEBIT', 10276.85, 0.0, 'INR', 'POS', 'POSTED', 'TXN20241024000080', '2024-10-24 01:31:25', 'Card purchase'),
  (81, 10, NULL, 'INTEREST', 'CREDIT', 380.38, 0.0, 'INR', 'SYSTEM', 'POSTED', 'TXN20240825000081', '2024-08-25 22:03:33', 'Interest credit'),
  (82, 214, 243, 'TRANSFER', 'DEBIT', 8814.71, 13.72, 'INR', 'NETBANKING', 'POSTED', 'TXN20240306000082', '2024-03-06 08:57:41', 'Transfer to acct 138964087093'),
  (83, 83, NULL, 'INTEREST', 'CREDIT', 259.92, 0.0, 'INR', 'SYSTEM', 'POSTED', 'TXN20250404000083', '2025-04-04 22:27:01', 'Interest credit'),
  (84, 113, NULL, 'WITHDRAWAL', 'DEBIT', 29424.17, 30.23, 'INR', 'MOBILE', 'POSTED', 'TXN20241218000084', '2024-12-18 14:14:32', 'Cash withdrawal'),
  (85, 200, NULL, 'FEE', 'DEBIT', 240.15, 0.0, 'INR', 'SYSTEM', 'POSTED', 'TXN20240514000085', '2024-05-14 09:46:45', 'Bank fee/charge'),
  (86, 145, NULL, 'INTEREST', 'CREDIT', 621.94, 0.0, 'INR', 'SYSTEM', 'POSTED', 'TXN20250428000086', '2025-04-28 05:39:13', 'Interest credit'),
  (87, 252, NULL, 'DEPOSIT', 'CREDIT', 15225.47, 0.0, 'INR', 'MOBILE', 'POSTED', 'TXN20240512000087', '2024-05-12 05:12:10', 'Cash/cheque deposit'),
  (88, 25, NULL, 'CARD', 'DEBIT', 19985.24, 0.0, 'INR', 'POS', 'POSTED', 'TXN20241106000088', '2024-11-06 07:13:35', 'Card purchase'),
  (89, 258, 17, 'TRANSFER', 'DEBIT', 60520.82, 51.1, 'INR', 'RTGS', 'POSTED', 'TXN20241231000089', '2024-12-31 21:10:11', 'Transfer to acct 897464274970'),
  (90, 133, NULL, 'DEPOSIT', 'CREDIT', 149050.06, 0.0, 'INR', 'NEFT', 'POSTED', 'TXN20240503000090', '2024-05-03 17:14:31', 'Cash/cheque deposit'),
  (91, 264, 54, 'TRANSFER', 'DEBIT', 23286.47, 25.49, 'INR', 'BRANCH', 'POSTED', 'TXN20250724000091', '2025-07-24 08:57:09', 'Transfer to acct 679181903305'),
  (92, 53, NULL, 'CARD', 'DEBIT', 16475.73, 0.0, 'INR', 'POS', 'POSTED', 'TXN20240418000092', '2024-04-18 19:39:50', 'Card purchase'),
  (93, 106, NULL, 'DEPOSIT', 'CREDIT', 136656.77, 0.0, 'INR', 'NETBANKING', 'POSTED', 'TXN20240417000093', '2024-04-17 05:40:07', 'Cash/cheque deposit'),
  (94, 51, NULL, 'WITHDRAWAL', 'DEBIT', 7799.36, 4.26, 'INR', 'RTGS', 'POSTED', 'TXN20250328000094', '2025-03-28 16:31:46', 'Cash withdrawal'),
  (95, 4, NULL, 'WITHDRAWAL', 'DEBIT', 1889.28, 0.97, 'INR', 'ATM', 'POSTED', 'TXN20240725000095', '2024-07-25 14:26:49', 'Cash withdrawal'),
  (96, 213, NULL, 'FEE', 'DEBIT', 93.36, 0.0, 'INR', 'SYSTEM', 'POSTED', 'TXN20240328000096', '2024-03-28 08:23:45', 'Bank fee/charge'),
  (97, 117, NULL, 'INTEREST', 'CREDIT', 125.06, 0.0, 'INR', 'SYSTEM', 'POSTED', 'TXN20240604000097', '2024-06-04 16:26:50', 'Interest credit'),
  (98, 186, NULL, 'CARD', 'DEBIT', 18875.93, 0.0, 'INR', 'POS', 'POSTED', 'TXN20250223000098', '2025-02-23 14:54:33', 'Card purchase'),
  (99, 36, NULL, 'CARD', 'DEBIT', 1713.87, 0.0, 'INR', 'POS', 'POSTED', 'TXN20240111000099', '2024-01-11 22:51:33', 'Card purchase'),
  (100, 78, 295, 'TRANSFER', 'DEBIT', 4382.85, 6.92, 'INR', 'POS', 'POSTED', 'TXN20240617000100', '2024-06-17 13:03:25', 'Transfer to acct 515979927589'),
  (101, 284, NULL, 'INTEREST', 'CREDIT', 786.32, 0.0, 'INR', 'SYSTEM', 'POSTED', 'TXN20241029000101', '2024-10-29 13:25:56', 'Interest credit'),
  (102, 271, NULL, 'INTEREST', 'CREDIT', 549.75, 0.0, 'INR', 'SYSTEM', 'POSTED', 'TXN20241218000102', '2024-12-18 00:52:17', 'Interest credit'),
  (103, 279, NULL, 'WITHDRAWAL', 'DEBIT', 4152.97, 2.75, 'INR', 'POS', 'POSTED', 'TXN20250401000103', '2025-04-01 20:13:56', 'Cash withdrawal'),
  (104, 276, 172, 'TRANSFER', 'DEBIT', 29280.02, 52.62, 'INR', 'POS', 'POSTED', 'TXN20240721000104', '2024-07-21 09:05:02', 'Transfer to acct 343515062136'),
  (105, 262, NULL, 'WITHDRAWAL', 'DEBIT', 27634.11, 21.61, 'INR', 'NETBANKING', 'POSTED', 'TXN20250707000105', '2025-07-07 09:13:05', 'Cash withdrawal'),
  (106, 277, NULL, 'INTEREST', 'CREDIT', 533.66, 0.0, 'INR', 'SYSTEM', 'POSTED', 'TXN20240124000106', '2024-01-24 00:56:50', 'Interest credit'),
  (107, 31, NULL, 'WITHDRAWAL', 'DEBIT', 42095.01, 16.4, 'INR', 'RTGS', 'POSTED', 'TXN20250308000107', '2025-03-08 16:07:46', 'Cash withdrawal'),
  (108, 230, NULL, 'FEE', 'DEBIT', 78.0, 0.0, 'INR', 'SYSTEM', 'POSTED', 'TXN20240506000108', '2024-05-06 01:48:41', 'Bank fee/charge'),
  (109, 290, NULL, 'INTEREST', 'CREDIT', 643.47, 0.0, 'INR', 'SYSTEM', 'POSTED', 'TXN20250409000109', '2025-04-09 10:15:51', 'Interest credit'),
  (110, 146, NULL, 'INTEREST', 'CREDIT', 600.56, 0.0, 'INR', 'SYSTEM', 'POSTED', 'TXN20250901000110', '2025-09-01 07:22:19', 'Interest credit'),
  (111, 54, NULL, 'INTEREST', 'CREDIT', 295.73, 0.0, 'INR', 'SYSTEM', 'POSTED', 'TXN20250121000111', '2025-01-21 16:47:15', 'Interest credit'),
  (112, 218, NULL, 'FEE', 'DEBIT', 207.97, 0.0, 'INR', 'SYSTEM', 'POSTED', 'TXN20250104000112', '2025-01-04 14:06:09', 'Bank fee/charge'),
  (113, 244, NULL, 'DEPOSIT', 'CREDIT', 32296.18, 0.0, 'INR', 'ATM', 'POSTED', 'TXN20240304000113', '2024-03-04 13:56:08', 'Cash/cheque deposit'),
  (114, 287, NULL, 'DEPOSIT', 'CREDIT', 77889.86, 0.0, 'INR', 'IMPS', 'POSTED', 'TXN20251124000114', '2025-11-24 16:25:37', 'Cash/cheque deposit'),
  (115, 226, NULL, 'CARD', 'DEBIT', 13786.58, 0.0, 'INR', 'POS', 'POSTED', 'TXN20250821000115', '2025-08-21 15:40:27', 'Card purchase'),
  (116, 249, NULL, 'CARD', 'DEBIT', 14228.79, 0.0, 'INR', 'POS', 'POSTED', 'TXN20240615000116', '2024-06-15 04:32:08', 'Card purchase'),
  (117, 234, NULL, 'WITHDRAWAL', 'DEBIT', 5670.0, 8.03, 'INR', 'NETBANKING', 'POSTED', 'TXN20250625000117', '2025-06-25 03:44:13', 'Cash withdrawal'),
  (118, 190, 293, 'TRANSFER', 'DEBIT', 21754.81, 28.43, 'INR', 'ATM', 'POSTED', 'TXN20250908000118', '2025-09-08 13:07:07', 'Transfer to acct 845168815335'),
  (119, 249, NULL, 'DEPOSIT', 'CREDIT', 4293.87, 0.0, 'INR', 'IMPS', 'POSTED', 'TXN20241108000119', '2024-11-08 11:19:18', 'Cash/cheque deposit'),
  (120, 157, NULL, 'WITHDRAWAL', 'DEBIT', 44463.95, 14.38, 'INR', 'UPI', 'POSTED', 'TXN20250826000120', '2025-08-26 13:03:59', 'Cash withdrawal'),
  (121, 35, NULL, 'INTEREST', 'CREDIT', 783.51, 0.0, 'INR', 'SYSTEM', 'POSTED', 'TXN20240103000121', '2024-01-03 03:35:22', 'Interest credit'),
  (122, 173, NULL, 'CARD', 'DEBIT', 15631.36, 0.0, 'INR', 'POS', 'POSTED', 'TXN20250809000122', '2025-08-09 09:36:28', 'Card purchase'),
  (123, 231, NULL, 'CARD', 'DEBIT', 13351.07, 0.0, 'INR', 'POS', 'POSTED', 'TXN20240521000123', '2024-05-21 16:40:29', 'Card purchase'),
  (124, 210, NULL, 'WITHDRAWAL', 'DEBIT', 19423.03, 26.23, 'INR', 'IMPS', 'POSTED', 'TXN20240401000124', '2024-04-01 19:42:39', 'Cash withdrawal'),
  (125, 143, 46, 'TRANSFER', 'DEBIT', 13914.07, 19.9, 'INR', 'NETBANKING', 'POSTED', 'TXN20240216000125', '2024-02-16 21:56:28', 'Transfer to acct 528812958649'),
  (126, 287, NULL, 'INTEREST', 'CREDIT', 77.55, 0.0, 'INR', 'SYSTEM', 'POSTED', 'TXN20250728000126', '2025-07-28 20:07:41', 'Interest credit'),
  (127, 244, NULL, 'FEE', 'DEBIT', 128.15, 0.0, 'INR', 'SYSTEM', 'POSTED', 'TXN20250813000127', '2025-08-13 01:36:33', 'Bank fee/charge'),
  (128, 141, NULL, 'DEPOSIT', 'CREDIT', 118034.88, 0.0, 'INR', 'ATM', 'POSTED', 'TXN20251105000128', '2025-11-05 17:11:01', 'Cash/cheque deposit'),
  (129, 206, NULL, 'WITHDRAWAL', 'DEBIT', 29485.76, 21.74, 'INR', 'MOBILE', 'POSTED', 'TXN20240327000129', '2024-03-27 17:38:20', 'Cash withdrawal'),
  (130, 271, NULL, 'DEPOSIT', 'CREDIT', 47675.63, 0.0, 'INR', 'IMPS', 'POSTED', 'TXN20250323000130', '2025-03-23 05:26:01', 'Cash/cheque deposit'),
  (131, 147, 74, 'TRANSFER', 'DEBIT', 13741.04, 26.39, 'INR', 'ATM', 'POSTED', 'TXN20240427000131', '2024-04-27 03:34:10', 'Transfer to acct 982015405881'),
  (132, 167, NULL, 'WITHDRAWAL', 'DEBIT', 9154.75, 9.8, 'INR', 'RTGS', 'POSTED', 'TXN20250221000132', '2025-02-21 21:10:03', 'Cash withdrawal'),
  (133, 166, 133, 'TRANSFER', 'DEBIT', 28194.71, 58.34, 'INR', 'POS', 'POSTED', 'TXN20240411000133', '2024-04-11 10:09:26', 'Transfer to acct 269032850474'),
  (134, 122, NULL, 'DEPOSIT', 'CREDIT', 73997.62, 0.0, 'INR', 'BRANCH', 'POSTED', 'TXN20240726000134', '2024-07-26 07:48:38', 'Cash/cheque deposit'),
  (135, 238, NULL, 'FEE', 'DEBIT', 140.51, 0.0, 'INR', 'SYSTEM', 'POSTED', 'TXN20240427000135', '2024-04-27 08:03:20', 'Bank fee/charge'),
  (136, 10, NULL, 'DEPOSIT', 'CREDIT', 40447.04, 0.0, 'INR', 'MOBILE', 'POSTED', 'TXN20240130000136', '2024-01-30 13:40:14', 'Cash/cheque deposit'),
  (137, 65, NULL, 'FEE', 'DEBIT', 79.63, 0.0, 'INR', 'SYSTEM', 'POSTED', 'TXN20240909000137', '2024-09-09 17:41:50', 'Bank fee/charge'),
  (138, 73, NULL, 'CARD', 'DEBIT', 7478.64, 0.0, 'INR', 'POS', 'POSTED', 'TXN20240326000138', '2024-03-26 20:32:13', 'Card purchase'),
  (139, 232, NULL, 'WITHDRAWAL', 'DEBIT', 2185.42, 2.66, 'INR', 'NEFT', 'POSTED', 'TXN20250704000139', '2025-07-04 13:58:35', 'Cash withdrawal'),
  (140, 247, NULL, 'FEE', 'DEBIT', 71.96, 0.0, 'INR', 'SYSTEM', 'POSTED', 'TXN20251030000140', '2025-10-30 05:00:03', 'Bank fee/charge'),
  (141, 262, 145, 'TRANSFER', 'DEBIT', 3459.08, 6.39, 'INR', 'POS', 'POSTED', 'TXN20241225000141', '2024-12-25 20:13:37', 'Transfer to acct 288285000168'),
  (142, 63, NULL, 'FEE', 'DEBIT', 208.47, 0.0, 'INR', 'SYSTEM', 'POSTED', 'TXN20241103000142', '2024-11-03 02:25:44', 'Bank fee/charge'),
  (143, 259, NULL, 'INTEREST', 'CREDIT', 861.72, 0.0, 'INR', 'SYSTEM', 'POSTED', 'TXN20241013000143', '2024-10-13 13:13:39', 'Interest credit'),
  (144, 232, 140, 'TRANSFER', 'DEBIT', 18482.32, 45.42, 'INR', 'IMPS', 'POSTED', 'TXN20251012000144', '2025-10-12 08:48:45', 'Transfer to acct 234912485810'),
  (145, 69, 2, 'TRANSFER', 'DEBIT', 45678.57, 0.49, 'INR', 'NEFT', 'POSTED', 'TXN20250415000145', '2025-04-15 19:21:01', 'Transfer to acct 507494975195'),
  (146, 251, NULL, 'DEPOSIT', 'CREDIT', 114393.54, 0.0, 'INR', 'UPI', 'POSTED', 'TXN20250227000146', '2025-02-27 17:57:44', 'Cash/cheque deposit'),
  (147, 16, NULL, 'FEE', 'DEBIT', 223.68, 0.0, 'INR', 'SYSTEM', 'POSTED', 'TXN20251026000147', '2025-10-26 20:04:34', 'Bank fee/charge'),
  (148, 193, NULL, 'INTEREST', 'CREDIT', 744.89, 0.0, 'INR', 'SYSTEM', 'POSTED', 'TXN20251119000148', '2025-11-19 03:22:52', 'Interest credit'),
  (149, 237, 190, 'TRANSFER', 'DEBIT', 16194.77, 8.97, 'INR', 'POS', 'POSTED', 'TXN20240630000149', '2024-06-30 22:00:07', 'Transfer to acct 423937008470'),
  (150, 47, NULL, 'DEPOSIT', 'CREDIT', 122460.5, 0.0, 'INR', 'RTGS', 'POSTED', 'TXN20251127000150', '2025-11-27 22:22:12', 'Cash/cheque deposit'),
  (151, 144, NULL, 'INTEREST', 'CREDIT', 444.06, 0.0, 'INR', 'SYSTEM', 'POSTED', 'TXN20240814000151', '2024-08-14 07:31:23', 'Interest credit'),
  (152, 203, NULL, 'INTEREST', 'CREDIT', 100.74, 0.0, 'INR', 'SYSTEM', 'POSTED', 'TXN20240108000152', '2024-01-08 06:52:40', 'Interest credit'),
  (153, 290, 90, 'TRANSFER', 'DEBIT', 4948.78, 1.59, 'INR', 'NETBANKING', 'POSTED', 'TXN20250520000153', '2025-05-20 05:35:12', 'Transfer to acct 842462558459'),
  (154, 268, NULL, 'DEPOSIT', 'CREDIT', 109361.94, 0.0, 'INR', 'UPI', 'POSTED', 'TXN20240922000154', '2024-09-22 18:54:14', 'Cash/cheque deposit'),
  (155, 130, 287, 'TRANSFER', 'DEBIT', 66238.49, 0.32, 'INR', 'NEFT', 'POSTED', 'TXN20251125000155', '2025-11-25 00:44:43', 'Transfer to acct 304394833186'),
  (156, 141, NULL, 'CARD', 'DEBIT', 2451.92, 0.0, 'INR', 'POS', 'POSTED', 'TXN20241126000156', '2024-11-26 13:54:26', 'Card purchase'),
  (157, 23, NULL, 'FEE', 'DEBIT', 221.53, 0.0, 'INR', 'SYSTEM', 'POSTED', 'TXN20250522000157', '2025-05-22 11:33:48', 'Bank fee/charge'),
  (158, 162, NULL, 'WITHDRAWAL', 'DEBIT', 357.45, 0.1, 'INR', 'BRANCH', 'POSTED', 'TXN20241011000158', '2024-10-11 13:34:28', 'Cash withdrawal'),
  (159, 128, NULL, 'DEPOSIT', 'CREDIT', 29611.83, 0.0, 'INR', 'BRANCH', 'POSTED', 'TXN20240819000159', '2024-08-19 22:27:04', 'Cash/cheque deposit'),
  (160, 15, 246, 'TRANSFER', 'DEBIT', 32424.57, 1.95, 'INR', 'RTGS', 'POSTED', 'TXN20240305000160', '2024-03-05 20:40:06', 'Transfer to acct 368172007906'),
  (161, 123, NULL, 'INTEREST', 'CREDIT', 862.96, 0.0, 'INR', 'SYSTEM', 'POSTED', 'TXN20240913000161', '2024-09-13 07:06:30', 'Interest credit'),
  (162, 225, NULL, 'DEPOSIT', 'CREDIT', 114638.38, 0.0, 'INR', 'IMPS', 'POSTED', 'TXN20250616000162', '2025-06-16 07:04:49', 'Cash/cheque deposit'),
  (163, 18, NULL, 'INTEREST', 'CREDIT', 340.28, 0.0, 'INR', 'SYSTEM', 'POSTED', 'TXN20250815000163', '2025-08-15 03:05:03', 'Interest credit'),
  (164, 227, NULL, 'INTEREST', 'CREDIT', 50.26, 0.0, 'INR', 'SYSTEM', 'POSTED', 'TXN20240510000164', '2024-05-10 01:58:51', 'Interest credit'),
  (165, 287, NULL, 'FEE', 'DEBIT', 17.79, 0.0, 'INR', 'SYSTEM', 'POSTED', 'TXN20240308000165', '2024-03-08 03:43:03', 'Bank fee/charge'),
  (166, 120, NULL, 'CARD', 'DEBIT', 17294.36, 0.0, 'INR', 'POS', 'POSTED', 'TXN20240408000166', '2024-04-08 19:48:26', 'Card purchase'),
  (167, 220, NULL, 'INTEREST', 'CREDIT', 792.06, 0.0, 'INR', 'SYSTEM', 'POSTED', 'TXN20250409000167', '2025-04-09 12:29:50', 'Interest credit'),
  (168, 14, NULL, 'FEE', 'DEBIT', 116.25, 0.0, 'INR', 'SYSTEM', 'POSTED', 'TXN20241213000168', '2024-12-13 20:43:50', 'Bank fee/charge'),
  (169, 35, 100, 'TRANSFER', 'DEBIT', 67832.53, 21.36, 'INR', 'NEFT', 'POSTED', 'TXN20240420000169', '2024-04-20 03:00:38', 'Transfer to acct 491153793247'),
  (170, 228, NULL, 'FEE', 'DEBIT', 50.55, 0.0, 'INR', 'SYSTEM', 'POSTED', 'TXN20241229000170', '2024-12-29 13:30:46', 'Bank fee/charge'),
  (171, 224, NULL, 'WITHDRAWAL', 'DEBIT', 25704.97, 25.13, 'INR', 'BRANCH', 'POSTED', 'TXN20240302000171', '2024-03-02 04:19:37', 'Cash withdrawal'),
  (172, 76, 241, 'TRANSFER', 'DEBIT', 23185.15, 19.88, 'INR', 'RTGS', 'POSTED', 'TXN20250820000172', '2025-08-20 17:49:09', 'Transfer to acct 795291700490'),
  (173, 75, 30, 'TRANSFER', 'DEBIT', 17842.18, 36.54, 'INR', 'BRANCH', 'POSTED', 'TXN20250614000173', '2025-06-14 18:42:43', 'Transfer to acct 560150924878'),
  (174, 104, NULL, 'FEE', 'DEBIT', 197.39, 0.0, 'INR', 'SYSTEM', 'POSTED', 'TXN20250308000174', '2025-03-08 11:12:12', 'Bank fee/charge'),
  (175, 240, 170, 'TRANSFER', 'DEBIT', 3715.34, 3.12, 'INR', 'NEFT', 'POSTED', 'TXN20251114000175', '2025-11-14 15:44:44', 'Transfer to acct 859775523172'),
  (176, 22, 254, 'TRANSFER', 'DEBIT', 16494.47, 0.15, 'INR', 'POS', 'POSTED', 'TXN20241202000176', '2024-12-02 05:06:29', 'Transfer to acct 561531082159'),
  (177, 247, NULL, 'WITHDRAWAL', 'DEBIT', 36755.85, 52.52, 'INR', 'NEFT', 'POSTED', 'TXN20250422000177', '2025-04-22 19:13:15', 'Cash withdrawal'),
  (178, 4, 186, 'TRANSFER', 'DEBIT', 791.41, 0.71, 'INR', 'POS', 'POSTED', 'TXN20240729000178', '2024-07-29 12:11:52', 'Transfer to acct 303469606309'),
  (179, 300, NULL, 'FEE', 'DEBIT', 228.61, 0.0, 'INR', 'SYSTEM', 'POSTED', 'TXN20240525000179', '2024-05-25 09:28:12', 'Bank fee/charge'),
  (180, 90, 113, 'TRANSFER', 'DEBIT', 13813.98, 11.74, 'INR', 'BRANCH', 'POSTED', 'TXN20240131000180', '2024-01-31 06:12:18', 'Transfer to acct 333134301634'),
  (181, 135, NULL, 'FEE', 'DEBIT', 228.11, 0.0, 'INR', 'SYSTEM', 'POSTED', 'TXN20240701000181', '2024-07-01 06:01:11', 'Bank fee/charge'),
  (182, 57, NULL, 'DEPOSIT', 'CREDIT', 50823.65, 0.0, 'INR', 'UPI', 'POSTED', 'TXN20250123000182', '2025-01-23 20:50:56', 'Cash/cheque deposit'),
  (183, 191, NULL, 'WITHDRAWAL', 'DEBIT', 33079.34, 46.7, 'INR', 'RTGS', 'POSTED', 'TXN20250412000183', '2025-04-12 07:23:51', 'Cash withdrawal'),
  (184, 67, NULL, 'FEE', 'DEBIT', 199.75, 0.0, 'INR', 'SYSTEM', 'POSTED', 'TXN20240307000184', '2024-03-07 03:09:56', 'Bank fee/charge'),
  (185, 220, NULL, 'WITHDRAWAL', 'DEBIT', 48851.38, 17.92, 'INR', 'NETBANKING', 'POSTED', 'TXN20250122000185', '2025-01-22 22:23:20', 'Cash withdrawal'),
  (186, 168, NULL, 'DEPOSIT', 'CREDIT', 37151.03, 0.0, 'INR', 'NEFT', 'POSTED', 'TXN20250702000186', '2025-07-02 09:50:09', 'Cash/cheque deposit'),
  (187, 251, NULL, 'INTEREST', 'CREDIT', 189.1, 0.0, 'INR', 'SYSTEM', 'POSTED', 'TXN20240509000187', '2024-05-09 16:37:56', 'Interest credit'),
  (188, 261, NULL, 'DEPOSIT', 'CREDIT', 58278.56, 0.0, 'INR', 'MOBILE', 'POSTED', 'TXN20251110000188', '2025-11-10 19:04:10', 'Cash/cheque deposit'),
  (189, 92, NULL, 'INTEREST', 'CREDIT', 290.32, 0.0, 'INR', 'SYSTEM', 'POSTED', 'TXN20250118000189', '2025-01-18 15:33:29', 'Interest credit'),
  (190, 138, 206, 'TRANSFER', 'DEBIT', 47876.01, 94.63, 'INR', 'NETBANKING', 'POSTED', 'TXN20250509000190', '2025-05-09 22:31:30', 'Transfer to acct 221010758319'),
  (191, 232, NULL, 'INTEREST', 'CREDIT', 776.99, 0.0, 'INR', 'SYSTEM', 'POSTED', 'TXN20240731000191', '2024-07-31 07:57:12', 'Interest credit'),
  (192, 293, NULL, 'CARD', 'DEBIT', 3161.04, 0.0, 'INR', 'POS', 'POSTED', 'TXN20241109000192', '2024-11-09 13:56:24', 'Card purchase'),
  (193, 44, 152, 'TRANSFER', 'DEBIT', 33365.67, 29.33, 'INR', 'RTGS', 'POSTED', 'TXN20250717000193', '2025-07-17 02:08:48', 'Transfer to acct 964626638158'),
  (194, 219, NULL, 'FEE', 'DEBIT', 115.53, 0.0, 'INR', 'SYSTEM', 'POSTED', 'TXN20250421000194', '2025-04-21 16:39:21', 'Bank fee/charge'),
  (195, 196, NULL, 'CARD', 'DEBIT', 513.87, 0.0, 'INR', 'POS', 'POSTED', 'TXN20250111000195', '2025-01-11 15:20:17', 'Card purchase'),
  (196, 43, NULL, 'CARD', 'DEBIT', 5904.47, 0.0, 'INR', 'POS', 'POSTED', 'TXN20240928000196', '2024-09-28 20:04:22', 'Card purchase'),
  (197, 142, NULL, 'FEE', 'DEBIT', 232.02, 0.0, 'INR', 'SYSTEM', 'POSTED', 'TXN20250713000197', '2025-07-13 20:05:50', 'Bank fee/charge'),
  (198, 103, NULL, 'DEPOSIT', 'CREDIT', 50130.3, 0.0, 'INR', 'ATM', 'POSTED', 'TXN20240314000198', '2024-03-14 11:02:34', 'Cash/cheque deposit'),
  (199, 141, NULL, 'INTEREST', 'CREDIT', 172.39, 0.0, 'INR', 'SYSTEM', 'POSTED', 'TXN20240913000199', '2024-09-13 09:47:52', 'Interest credit'),
  (200, 154, NULL, 'FEE', 'DEBIT', 74.05, 0.0, 'INR', 'SYSTEM', 'POSTED', 'TXN20250710000200', '2025-07-10 08:00:49', 'Bank fee/charge'),
  (201, 7, 242, 'TRANSFER', 'DEBIT', 49074.12, 121.37, 'INR', 'POS', 'POSTED', 'TXN20250219000201', '2025-02-19 18:48:41', 'Transfer to acct 597407799360'),
  (202, 108, NULL, 'WITHDRAWAL', 'DEBIT', 23774.47, 18.4, 'INR', 'POS', 'POSTED', 'TXN20240821000202', '2024-08-21 07:46:47', 'Cash withdrawal'),
  (203, 161, NULL, 'FEE', 'DEBIT', 212.22, 0.0, 'INR', 'SYSTEM', 'POSTED', 'TXN20250417000203', '2025-04-17 10:50:05', 'Bank fee/charge'),
  (204, 286, NULL, 'CARD', 'DEBIT', 621.48, 0.0, 'INR', 'POS', 'POSTED', 'TXN20240802000204', '2024-08-02 14:28:54', 'Card purchase'),
  (205, 182, NULL, 'WITHDRAWAL', 'DEBIT', 17057.13, 10.72, 'INR', 'UPI', 'POSTED', 'TXN20241108000205', '2024-11-08 23:00:31', 'Cash withdrawal'),
  (206, 12, NULL, 'INTEREST', 'CREDIT', 511.25, 0.0, 'INR', 'SYSTEM', 'POSTED', 'TXN20250704000206', '2025-07-04 09:20:37', 'Interest credit'),
  (207, 294, NULL, 'DEPOSIT', 'CREDIT', 130055.02, 0.0, 'INR', 'UPI', 'POSTED', 'TXN20240606000207', '2024-06-06 10:36:40', 'Cash/cheque deposit'),
  (208, 244, NULL, 'CARD', 'DEBIT', 2190.59, 0.0, 'INR', 'POS', 'POSTED', 'TXN20250204000208', '2025-02-04 02:34:24', 'Card purchase'),
  (209, 54, NULL, 'FEE', 'DEBIT', 170.35, 0.0, 'INR', 'SYSTEM', 'POSTED', 'TXN20251016000209', '2025-10-16 09:05:10', 'Bank fee/charge'),
  (210, 102, NULL, 'WITHDRAWAL', 'DEBIT', 3567.6, 5.15, 'INR', 'BRANCH', 'POSTED', 'TXN20250909000210', '2025-09-09 15:01:11', 'Cash withdrawal'),
  (211, 36, 233, 'TRANSFER', 'DEBIT', 4356.12, 5.65, 'INR', 'NEFT', 'POSTED', 'TXN20240826000211', '2024-08-26 09:42:33', 'Transfer to acct 551022939966'),
  (212, 67, NULL, 'WITHDRAWAL', 'DEBIT', 26869.01, 19.28, 'INR', 'IMPS', 'POSTED', 'TXN20250224000212', '2025-02-24 12:10:07', 'Cash withdrawal'),
  (213, 159, NULL, 'DEPOSIT', 'CREDIT', 64886.88, 0.0, 'INR', 'POS', 'POSTED', 'TXN20240730000213', '2024-07-30 04:55:13', 'Cash/cheque deposit'),
  (214, 104, NULL, 'INTEREST', 'CREDIT', 452.73, 0.0, 'INR', 'SYSTEM', 'POSTED', 'TXN20240611000214', '2024-06-11 19:36:19', 'Interest credit'),
  (215, 229, NULL, 'INTEREST', 'CREDIT', 58.51, 0.0, 'INR', 'SYSTEM', 'POSTED', 'TXN20241009000215', '2024-10-09 06:00:09', 'Interest credit'),
  (216, 252, NULL, 'CARD', 'DEBIT', 9214.89, 0.0, 'INR', 'POS', 'POSTED', 'TXN20250622000216', '2025-06-22 10:58:36', 'Card purchase'),
  (217, 234, NULL, 'FEE', 'DEBIT', 89.96, 0.0, 'INR', 'SYSTEM', 'POSTED', 'TXN20240403000217', '2024-04-03 09:41:56', 'Bank fee/charge'),
  (218, 90, NULL, 'INTEREST', 'CREDIT', 374.13, 0.0, 'INR', 'SYSTEM', 'POSTED', 'TXN20250204000218', '2025-02-04 19:52:51', 'Interest credit'),
  (219, 94, NULL, 'WITHDRAWAL', 'DEBIT', 34956.25, 5.01, 'INR', 'POS', 'POSTED', 'TXN20250413000219', '2025-04-13 12:58:42', 'Cash withdrawal'),
  (220, 276, NULL, 'INTEREST', 'CREDIT', 263.41, 0.0, 'INR', 'SYSTEM', 'POSTED', 'TXN20240902000220', '2024-09-02 05:17:56', 'Interest credit'),
  (221, 63, NULL, 'DEPOSIT', 'CREDIT', 149297.93, 0.0, 'INR', 'NEFT', 'POSTED', 'TXN20250520000221', '2025-05-20 13:48:35', 'Cash/cheque deposit'),
  (222, 85, NULL, 'DEPOSIT', 'CREDIT', 37989.72, 0.0, 'INR', 'ATM', 'POSTED', 'TXN20250531000222', '2025-05-31 10:26:28', 'Cash/cheque deposit'),
  (223, 237, NULL, 'FEE', 'DEBIT', 98.38, 0.0, 'INR', 'SYSTEM', 'POSTED', 'TXN20250418000223', '2025-04-18 00:04:40', 'Bank fee/charge'),
  (224, 129, NULL, 'INTEREST', 'CREDIT', 104.1, 0.0, 'INR', 'SYSTEM', 'POSTED', 'TXN20240718000224', '2024-07-18 12:02:00', 'Interest credit'),
  (225, 237, NULL, 'WITHDRAWAL', 'DEBIT', 3505.03, 2.88, 'INR', 'IMPS', 'POSTED', 'TXN20251117000225', '2025-11-17 23:29:31', 'Cash withdrawal'),
  (226, 83, NULL, 'WITHDRAWAL', 'DEBIT', 8612.4, 0.23, 'INR', 'MOBILE', 'POSTED', 'TXN20240523000226', '2024-05-23 15:52:17', 'Cash withdrawal'),
  (227, 201, NULL, 'DEPOSIT', 'CREDIT', 25351.16, 0.0, 'INR', 'UPI', 'POSTED', 'TXN20241028000227', '2024-10-28 03:34:47', 'Cash/cheque deposit'),
  (228, 184, NULL, 'INTEREST', 'CREDIT', 160.97, 0.0, 'INR', 'SYSTEM', 'POSTED', 'TXN20251124000228', '2025-11-24 08:09:28', 'Interest credit'),
  (229, 25, NULL, 'INTEREST', 'CREDIT', 753.01, 0.0, 'INR', 'SYSTEM', 'POSTED', 'TXN20251122000229', '2025-11-22 17:13:28', 'Interest credit'),
  (230, 27, NULL, 'FEE', 'DEBIT', 151.56, 0.0, 'INR', 'SYSTEM', 'POSTED', 'TXN20250203000230', '2025-02-03 22:19:28', 'Bank fee/charge'),
  (231, 123, NULL, 'DEPOSIT', 'CREDIT', 30077.86, 0.0, 'INR', 'POS', 'POSTED', 'TXN20240725000231', '2024-07-25 07:23:58', 'Cash/cheque deposit'),
  (232, 99, NULL, 'DEPOSIT', 'CREDIT', 102025.93, 0.0, 'INR', 'POS', 'POSTED', 'TXN20240129000232', '2024-01-29 00:21:52', 'Cash/cheque deposit'),
  (233, 23, NULL, 'DEPOSIT', 'CREDIT', 62410.43, 0.0, 'INR', 'NEFT', 'POSTED', 'TXN20240408000233', '2024-04-08 21:10:46', 'Cash/cheque deposit'),
  (234, 107, NULL, 'DEPOSIT', 'CREDIT', 140155.67, 0.0, 'INR', 'IMPS', 'POSTED', 'TXN20241126000234', '2024-11-26 17:40:12', 'Cash/cheque deposit'),
  (235, 183, NULL, 'CARD', 'DEBIT', 6480.89, 0.0, 'INR', 'POS', 'POSTED', 'TXN20240503000235', '2024-05-03 07:13:06', 'Card purchase'),
  (236, 109, NULL, 'DEPOSIT', 'CREDIT', 68870.51, 0.0, 'INR', 'POS', 'POSTED', 'TXN20251031000236', '2025-10-31 10:00:24', 'Cash/cheque deposit'),
  (237, 35, NULL, 'DEPOSIT', 'CREDIT', 132830.46, 0.0, 'INR', 'RTGS', 'POSTED', 'TXN20251027000237', '2025-10-27 19:23:02', 'Cash/cheque deposit'),
  (238, 275, NULL, 'CARD', 'DEBIT', 15829.37, 0.0, 'INR', 'POS', 'POSTED', 'TXN20250905000238', '2025-09-05 15:06:45', 'Card purchase'),
  (239, 199, NULL, 'FEE', 'DEBIT', 171.09, 0.0, 'INR', 'SYSTEM', 'POSTED', 'TXN20240914000239', '2024-09-14 03:38:20', 'Bank fee/charge'),
  (240, 163, NULL, 'INTEREST', 'CREDIT', 880.24, 0.0, 'INR', 'SYSTEM', 'POSTED', 'TXN20241206000240', '2024-12-06 05:40:48', 'Interest credit'),
  (241, 300, NULL, 'INTEREST', 'CREDIT', 404.57, 0.0, 'INR', 'SYSTEM', 'POSTED', 'TXN20240310000241', '2024-03-10 10:01:38', 'Interest credit'),
  (242, 120, NULL, 'FEE', 'DEBIT', 10.2, 0.0, 'INR', 'SYSTEM', 'POSTED', 'TXN20250530000242', '2025-05-30 18:45:00', 'Bank fee/charge'),
  (243, 125, NULL, 'DEPOSIT', 'CREDIT', 93002.96, 0.0, 'INR', 'RTGS', 'POSTED', 'TXN20240830000243', '2024-08-30 23:27:48', 'Cash/cheque deposit'),
  (244, 78, NULL, 'DEPOSIT', 'CREDIT', 56424.62, 0.0, 'INR', 'UPI', 'POSTED', 'TXN20250118000244', '2025-01-18 15:18:12', 'Cash/cheque deposit'),
  (245, 169, NULL, 'INTEREST', 'CREDIT', 121.71, 0.0, 'INR', 'SYSTEM', 'POSTED', 'TXN20240831000245', '2024-08-31 23:38:28', 'Interest credit'),
  (246, 148, 13, 'TRANSFER', 'DEBIT', 17214.3, 31.54, 'INR', 'BRANCH', 'POSTED', 'TXN20250617000246', '2025-06-17 13:41:52', 'Transfer to acct 187230385877'),
  (247, 128, 114, 'TRANSFER', 'DEBIT', 45624.34, 43.51, 'INR', 'NEFT', 'POSTED', 'TXN20240729000247', '2024-07-29 17:03:58', 'Transfer to acct 278631086748'),
  (248, 252, 36, 'TRANSFER', 'DEBIT', 71526.91, 9.32, 'INR', 'UPI', 'POSTED', 'TXN20250328000248', '2025-03-28 20:00:04', 'Transfer to acct 636701956994'),
  (249, 282, NULL, 'WITHDRAWAL', 'DEBIT', 13883.83, 4.92, 'INR', 'NEFT', 'POSTED', 'TXN20240508000249', '2024-05-08 02:11:37', 'Cash withdrawal'),
  (250, 102, NULL, 'DEPOSIT', 'CREDIT', 36814.25, 0.0, 'INR', 'POS', 'POSTED', 'TXN20250423000250', '2025-04-23 09:10:46', 'Cash/cheque deposit');

INSERT INTO bank_transactions (txn_id, account_id, counterparty_account_id, txn_type, direction, amount, fee, currency, channel, status, reference, booked_at, description) VALUES
  (251, 104, NULL, 'WITHDRAWAL', 'DEBIT', 13665.85, 16.02, 'INR', 'NEFT', 'POSTED', 'TXN20241106000251', '2024-11-06 09:36:28', 'Cash withdrawal'),
  (252, 226, NULL, 'DEPOSIT', 'CREDIT', 63462.32, 0.0, 'INR', 'IMPS', 'POSTED', 'TXN20250211000252', '2025-02-11 12:10:30', 'Cash/cheque deposit'),
  (253, 196, NULL, 'FEE', 'DEBIT', 109.71, 0.0, 'INR', 'SYSTEM', 'POSTED', 'TXN20240608000253', '2024-06-08 15:01:48', 'Bank fee/charge'),
  (254, 90, NULL, 'DEPOSIT', 'CREDIT', 38668.03, 0.0, 'INR', 'RTGS', 'POSTED', 'TXN20250901000254', '2025-09-01 17:09:35', 'Cash/cheque deposit'),
  (255, 247, NULL, 'CARD', 'DEBIT', 1457.35, 0.0, 'INR', 'POS', 'POSTED', 'TXN20250409000255', '2025-04-09 09:24:35', 'Card purchase'),
  (256, 3, NULL, 'WITHDRAWAL', 'DEBIT', 740.43, 0.56, 'INR', 'MOBILE', 'POSTED', 'TXN20240719000256', '2024-07-19 04:58:12', 'Cash withdrawal'),
  (257, 203, NULL, 'INTEREST', 'CREDIT', 873.47, 0.0, 'INR', 'SYSTEM', 'POSTED', 'TXN20250518000257', '2025-05-18 12:59:26', 'Interest credit'),
  (258, 37, 210, 'TRANSFER', 'DEBIT', 66380.72, 164.7, 'INR', 'POS', 'POSTED', 'TXN20250516000258', '2025-05-16 09:41:37', 'Transfer to acct 702800026370'),
  (259, 224, NULL, 'DEPOSIT', 'CREDIT', 143568.82, 0.0, 'INR', 'POS', 'POSTED', 'TXN20250802000259', '2025-08-02 05:12:48', 'Cash/cheque deposit'),
  (260, 189, NULL, 'INTEREST', 'CREDIT', 627.11, 0.0, 'INR', 'SYSTEM', 'POSTED', 'TXN20250605000260', '2025-06-05 22:31:40', 'Interest credit'),
  (261, 245, NULL, 'INTEREST', 'CREDIT', 32.02, 0.0, 'INR', 'SYSTEM', 'POSTED', 'TXN20250310000261', '2025-03-10 23:15:15', 'Interest credit'),
  (262, 234, 76, 'TRANSFER', 'DEBIT', 3401.69, 8.09, 'INR', 'BRANCH', 'POSTED', 'TXN20251112000262', '2025-11-12 20:09:16', 'Transfer to acct 212353747742'),
  (263, 197, NULL, 'WITHDRAWAL', 'DEBIT', 19943.58, 17.54, 'INR', 'BRANCH', 'POSTED', 'TXN20240429000263', '2024-04-29 02:41:45', 'Cash withdrawal'),
  (264, 219, NULL, 'DEPOSIT', 'CREDIT', 38005.4, 0.0, 'INR', 'NETBANKING', 'POSTED', 'TXN20240712000264', '2024-07-12 13:10:53', 'Cash/cheque deposit'),
  (265, 158, 211, 'TRANSFER', 'DEBIT', 56447.05, 130.44, 'INR', 'NETBANKING', 'POSTED', 'TXN20250629000265', '2025-06-29 21:56:24', 'Transfer to acct 154440840533'),
  (266, 177, NULL, 'DEPOSIT', 'CREDIT', 122152.78, 0.0, 'INR', 'ATM', 'POSTED', 'TXN20251013000266', '2025-10-13 18:49:51', 'Cash/cheque deposit'),
  (267, 87, 252, 'TRANSFER', 'DEBIT', 168.31, 0.03, 'INR', 'NEFT', 'POSTED', 'TXN20250211000267', '2025-02-11 22:19:00', 'Transfer to acct 358119220029'),
  (268, 221, NULL, 'INTEREST', 'CREDIT', 154.4, 0.0, 'INR', 'SYSTEM', 'POSTED', 'TXN20250621000268', '2025-06-21 13:41:18', 'Interest credit'),
  (269, 258, 57, 'TRANSFER', 'DEBIT', 33827.03, 68.87, 'INR', 'UPI', 'POSTED', 'TXN20240517000269', '2024-05-17 06:31:11', 'Transfer to acct 958412049179'),
  (270, 99, NULL, 'WITHDRAWAL', 'DEBIT', 13041.66, 17.65, 'INR', 'NEFT', 'POSTED', 'TXN20240301000270', '2024-03-01 23:11:51', 'Cash withdrawal'),
  (271, 41, NULL, 'CARD', 'DEBIT', 5876.65, 0.0, 'INR', 'POS', 'POSTED', 'TXN20251003000271', '2025-10-03 19:06:55', 'Card purchase'),
  (272, 300, NULL, 'CARD', 'DEBIT', 4710.91, 0.0, 'INR', 'POS', 'POSTED', 'TXN20241010000272', '2024-10-10 02:21:01', 'Card purchase'),
  (273, 4, NULL, 'CARD', 'DEBIT', 601.36, 0.0, 'INR', 'POS', 'POSTED', 'TXN20240110000273', '2024-01-10 01:17:48', 'Card purchase'),
  (274, 193, NULL, 'DEPOSIT', 'CREDIT', 90487.43, 0.0, 'INR', 'ATM', 'POSTED', 'TXN20240804000274', '2024-08-04 16:50:00', 'Cash/cheque deposit'),
  (275, 173, 190, 'TRANSFER', 'DEBIT', 51155.41, 43.88, 'INR', 'MOBILE', 'POSTED', 'TXN20250429000275', '2025-04-29 10:38:27', 'Transfer to acct 423937008470'),
  (276, 30, 183, 'TRANSFER', 'DEBIT', 65487.15, 132.0, 'INR', 'NEFT', 'POSTED', 'TXN20250104000276', '2025-01-04 21:25:24', 'Transfer to acct 736250341471'),
  (277, 72, NULL, 'DEPOSIT', 'CREDIT', 3949.5, 0.0, 'INR', 'MOBILE', 'POSTED', 'TXN20250215000277', '2025-02-15 23:53:56', 'Cash/cheque deposit'),
  (278, 128, NULL, 'DEPOSIT', 'CREDIT', 55327.64, 0.0, 'INR', 'NETBANKING', 'POSTED', 'TXN20241013000278', '2024-10-13 22:48:52', 'Cash/cheque deposit'),
  (279, 2, NULL, 'FEE', 'DEBIT', 246.61, 0.0, 'INR', 'SYSTEM', 'POSTED', 'TXN20250611000279', '2025-06-11 13:42:12', 'Bank fee/charge'),
  (280, 167, 228, 'TRANSFER', 'DEBIT', 17555.22, 21.27, 'INR', 'BRANCH', 'POSTED', 'TXN20251010000280', '2025-10-10 11:55:02', 'Transfer to acct 360707842940'),
  (281, 244, NULL, 'INTEREST', 'CREDIT', 888.2, 0.0, 'INR', 'SYSTEM', 'POSTED', 'TXN20241222000281', '2024-12-22 13:59:59', 'Interest credit'),
  (282, 74, NULL, 'INTEREST', 'CREDIT', 783.0, 0.0, 'INR', 'SYSTEM', 'POSTED', 'TXN20250129000282', '2025-01-29 09:38:12', 'Interest credit'),
  (283, 45, NULL, 'FEE', 'DEBIT', 78.83, 0.0, 'INR', 'SYSTEM', 'POSTED', 'TXN20240202000283', '2024-02-02 04:31:50', 'Bank fee/charge'),
  (284, 60, NULL, 'INTEREST', 'CREDIT', 434.47, 0.0, 'INR', 'SYSTEM', 'POSTED', 'TXN20250423000284', '2025-04-23 05:57:28', 'Interest credit'),
  (285, 46, NULL, 'FEE', 'DEBIT', 30.84, 0.0, 'INR', 'SYSTEM', 'POSTED', 'TXN20240906000285', '2024-09-06 06:10:48', 'Bank fee/charge'),
  (286, 144, NULL, 'INTEREST', 'CREDIT', 199.12, 0.0, 'INR', 'SYSTEM', 'POSTED', 'TXN20240613000286', '2024-06-13 10:57:24', 'Interest credit'),
  (287, 274, 252, 'TRANSFER', 'DEBIT', 6828.61, 11.81, 'INR', 'MOBILE', 'POSTED', 'TXN20251117000287', '2025-11-17 03:42:08', 'Transfer to acct 358119220029'),
  (288, 196, NULL, 'WITHDRAWAL', 'DEBIT', 3613.13, 5.24, 'INR', 'ATM', 'POSTED', 'TXN20251021000288', '2025-10-21 10:24:58', 'Cash withdrawal'),
  (289, 45, NULL, 'CARD', 'DEBIT', 2245.42, 0.0, 'INR', 'POS', 'POSTED', 'TXN20240816000289', '2024-08-16 08:07:18', 'Card purchase'),
  (290, 161, 195, 'TRANSFER', 'DEBIT', 43289.92, 0.18, 'INR', 'NEFT', 'POSTED', 'TXN20240428000290', '2024-04-28 18:23:08', 'Transfer to acct 106872386235'),
  (291, 187, NULL, 'DEPOSIT', 'CREDIT', 119647.97, 0.0, 'INR', 'NETBANKING', 'POSTED', 'TXN20240713000291', '2024-07-13 12:27:20', 'Cash/cheque deposit'),
  (292, 55, NULL, 'WITHDRAWAL', 'DEBIT', 19826.09, 16.01, 'INR', 'NETBANKING', 'POSTED', 'TXN20251110000292', '2025-11-10 19:37:14', 'Cash withdrawal'),
  (293, 256, NULL, 'CARD', 'DEBIT', 13606.02, 0.0, 'INR', 'POS', 'POSTED', 'TXN20240528000293', '2024-05-28 09:53:14', 'Card purchase'),
  (294, 18, NULL, 'WITHDRAWAL', 'DEBIT', 29984.13, 13.89, 'INR', 'RTGS', 'POSTED', 'TXN20240529000294', '2024-05-29 23:42:54', 'Cash withdrawal'),
  (295, 111, NULL, 'INTEREST', 'CREDIT', 446.03, 0.0, 'INR', 'SYSTEM', 'POSTED', 'TXN20241007000295', '2024-10-07 22:36:30', 'Interest credit'),
  (296, 108, NULL, 'INTEREST', 'CREDIT', 763.41, 0.0, 'INR', 'SYSTEM', 'POSTED', 'TXN20240301000296', '2024-03-01 10:09:52', 'Interest credit'),
  (297, 154, NULL, 'WITHDRAWAL', 'DEBIT', 49221.04, 48.67, 'INR', 'BRANCH', 'POSTED', 'TXN20240702000297', '2024-07-02 15:46:25', 'Cash withdrawal'),
  (298, 243, NULL, 'WITHDRAWAL', 'DEBIT', 49516.68, 56.28, 'INR', 'BRANCH', 'POSTED', 'TXN20250715000298', '2025-07-15 12:21:27', 'Cash withdrawal'),
  (299, 100, NULL, 'CARD', 'DEBIT', 14028.15, 0.0, 'INR', 'POS', 'POSTED', 'TXN20250624000299', '2025-06-24 23:18:18', 'Card purchase'),
  (300, 28, NULL, 'FEE', 'DEBIT', 213.2, 0.0, 'INR', 'SYSTEM', 'POSTED', 'TXN20240409000300', '2024-04-09 04:20:48', 'Bank fee/charge'),
  (301, 71, NULL, 'INTEREST', 'CREDIT', 398.25, 0.0, 'INR', 'SYSTEM', 'POSTED', 'TXN20250413000301', '2025-04-13 20:10:36', 'Interest credit'),
  (302, 101, NULL, 'CARD', 'DEBIT', 14711.67, 0.0, 'INR', 'POS', 'POSTED', 'TXN20240528000302', '2024-05-28 06:13:51', 'Card purchase'),
  (303, 76, NULL, 'DEPOSIT', 'CREDIT', 56545.71, 0.0, 'INR', 'IMPS', 'POSTED', 'TXN20250812000303', '2025-08-12 03:43:50', 'Cash/cheque deposit'),
  (304, 92, NULL, 'CARD', 'DEBIT', 18902.36, 0.0, 'INR', 'POS', 'POSTED', 'TXN20240227000304', '2024-02-27 03:22:30', 'Card purchase'),
  (305, 77, NULL, 'DEPOSIT', 'CREDIT', 94083.18, 0.0, 'INR', 'NETBANKING', 'POSTED', 'TXN20251027000305', '2025-10-27 10:37:27', 'Cash/cheque deposit'),
  (306, 251, NULL, 'CARD', 'DEBIT', 6067.74, 0.0, 'INR', 'POS', 'POSTED', 'TXN20240204000306', '2024-02-04 03:15:25', 'Card purchase'),
  (307, 46, NULL, 'FEE', 'DEBIT', 195.54, 0.0, 'INR', 'SYSTEM', 'POSTED', 'TXN20251030000307', '2025-10-30 23:24:49', 'Bank fee/charge'),
  (308, 189, NULL, 'INTEREST', 'CREDIT', 11.43, 0.0, 'INR', 'SYSTEM', 'POSTED', 'TXN20241008000308', '2024-10-08 20:41:28', 'Interest credit'),
  (309, 261, NULL, 'DEPOSIT', 'CREDIT', 33817.76, 0.0, 'INR', 'ATM', 'POSTED', 'TXN20240504000309', '2024-05-04 15:41:42', 'Cash/cheque deposit'),
  (310, 93, NULL, 'FEE', 'DEBIT', 99.07, 0.0, 'INR', 'SYSTEM', 'POSTED', 'TXN20241007000310', '2024-10-07 22:47:06', 'Bank fee/charge'),
  (311, 167, NULL, 'INTEREST', 'CREDIT', 58.08, 0.0, 'INR', 'SYSTEM', 'POSTED', 'TXN20241101000311', '2024-11-01 18:08:06', 'Interest credit'),
  (312, 285, NULL, 'FEE', 'DEBIT', 205.28, 0.0, 'INR', 'SYSTEM', 'POSTED', 'TXN20250219000312', '2025-02-19 22:01:25', 'Bank fee/charge'),
  (313, 276, NULL, 'FEE', 'DEBIT', 179.87, 0.0, 'INR', 'SYSTEM', 'POSTED', 'TXN20240306000313', '2024-03-06 16:53:37', 'Bank fee/charge'),
  (314, 93, NULL, 'INTEREST', 'CREDIT', 775.94, 0.0, 'INR', 'SYSTEM', 'POSTED', 'TXN20240731000314', '2024-07-31 21:57:07', 'Interest credit'),
  (315, 161, NULL, 'INTEREST', 'CREDIT', 111.62, 0.0, 'INR', 'SYSTEM', 'POSTED', 'TXN20240106000315', '2024-01-06 17:28:51', 'Interest credit'),
  (316, 132, NULL, 'WITHDRAWAL', 'DEBIT', 42587.36, 2.24, 'INR', 'NEFT', 'POSTED', 'TXN20251030000316', '2025-10-30 05:05:35', 'Cash withdrawal'),
  (317, 217, NULL, 'DEPOSIT', 'CREDIT', 146567.75, 0.0, 'INR', 'NETBANKING', 'POSTED', 'TXN20241101000317', '2024-11-01 11:34:10', 'Cash/cheque deposit'),
  (318, 274, NULL, 'INTEREST', 'CREDIT', 400.98, 0.0, 'INR', 'SYSTEM', 'POSTED', 'TXN20240911000318', '2024-09-11 09:02:33', 'Interest credit'),
  (319, 276, NULL, 'FEE', 'DEBIT', 130.09, 0.0, 'INR', 'SYSTEM', 'POSTED', 'TXN20241116000319', '2024-11-16 16:58:22', 'Bank fee/charge'),
  (320, 73, NULL, 'INTEREST', 'CREDIT', 270.44, 0.0, 'INR', 'SYSTEM', 'POSTED', 'TXN20251109000320', '2025-11-09 01:15:02', 'Interest credit'),
  (321, 184, NULL, 'WITHDRAWAL', 'DEBIT', 13942.05, 15.25, 'INR', 'UPI', 'POSTED', 'TXN20250908000321', '2025-09-08 17:13:37', 'Cash withdrawal'),
  (322, 84, NULL, 'CARD', 'DEBIT', 8013.19, 0.0, 'INR', 'POS', 'POSTED', 'TXN20250717000322', '2025-07-17 08:16:24', 'Card purchase'),
  (323, 275, NULL, 'DEPOSIT', 'CREDIT', 30644.06, 0.0, 'INR', 'RTGS', 'POSTED', 'TXN20251123000323', '2025-11-23 13:44:09', 'Cash/cheque deposit'),
  (324, 191, NULL, 'INTEREST', 'CREDIT', 507.71, 0.0, 'INR', 'SYSTEM', 'POSTED', 'TXN20251010000324', '2025-10-10 22:41:12', 'Interest credit'),
  (325, 79, NULL, 'INTEREST', 'CREDIT', 285.41, 0.0, 'INR', 'SYSTEM', 'POSTED', 'TXN20250911000325', '2025-09-11 05:26:52', 'Interest credit'),
  (326, 139, NULL, 'CARD', 'DEBIT', 2509.93, 0.0, 'INR', 'POS', 'POSTED', 'TXN20240127000326', '2024-01-27 19:15:04', 'Card purchase'),
  (327, 46, NULL, 'DEPOSIT', 'CREDIT', 54486.64, 0.0, 'INR', 'NETBANKING', 'POSTED', 'TXN20250220000327', '2025-02-20 02:21:40', 'Cash/cheque deposit'),
  (328, 51, 194, 'TRANSFER', 'DEBIT', 73462.42, 40.81, 'INR', 'RTGS', 'POSTED', 'TXN20240529000328', '2024-05-29 07:17:00', 'Transfer to acct 378165256899'),
  (329, 157, NULL, 'DEPOSIT', 'CREDIT', 88365.17, 0.0, 'INR', 'ATM', 'POSTED', 'TXN20240628000329', '2024-06-28 16:46:56', 'Cash/cheque deposit'),
  (330, 145, NULL, 'CARD', 'DEBIT', 11039.81, 0.0, 'INR', 'POS', 'POSTED', 'TXN20250625000330', '2025-06-25 11:44:36', 'Card purchase'),
  (331, 200, NULL, 'FEE', 'DEBIT', 49.26, 0.0, 'INR', 'SYSTEM', 'POSTED', 'TXN20240219000331', '2024-02-19 05:20:48', 'Bank fee/charge'),
  (332, 207, NULL, 'INTEREST', 'CREDIT', 429.7, 0.0, 'INR', 'SYSTEM', 'POSTED', 'TXN20250718000332', '2025-07-18 19:56:54', 'Interest credit'),
  (333, 80, NULL, 'WITHDRAWAL', 'DEBIT', 2565.08, 2.18, 'INR', 'RTGS', 'POSTED', 'TXN20240110000333', '2024-01-10 21:32:45', 'Cash withdrawal'),
  (334, 128, 215, 'TRANSFER', 'DEBIT', 53023.67, 24.27, 'INR', 'BRANCH', 'POSTED', 'TXN20251016000334', '2025-10-16 11:45:49', 'Transfer to acct 363768724519'),
  (335, 267, 118, 'TRANSFER', 'DEBIT', 22923.8, 49.17, 'INR', 'MOBILE', 'POSTED', 'TXN20250529000335', '2025-05-29 09:17:27', 'Transfer to acct 244565990477'),
  (336, 40, 123, 'TRANSFER', 'DEBIT', 8843.77, 1.27, 'INR', 'POS', 'POSTED', 'TXN20241116000336', '2024-11-16 02:40:05', 'Transfer to acct 231680617183'),
  (337, 6, NULL, 'INTEREST', 'CREDIT', 865.99, 0.0, 'INR', 'SYSTEM', 'POSTED', 'TXN20250721000337', '2025-07-21 15:51:55', 'Interest credit'),
  (338, 208, NULL, 'CARD', 'DEBIT', 297.73, 0.0, 'INR', 'POS', 'POSTED', 'TXN20240519000338', '2024-05-19 15:31:32', 'Card purchase'),
  (339, 177, NULL, 'WITHDRAWAL', 'DEBIT', 12286.89, 13.62, 'INR', 'BRANCH', 'POSTED', 'TXN20250311000339', '2025-03-11 22:34:47', 'Cash withdrawal'),
  (340, 269, NULL, 'FEE', 'DEBIT', 226.43, 0.0, 'INR', 'SYSTEM', 'POSTED', 'TXN20250913000340', '2025-09-13 14:10:43', 'Bank fee/charge'),
  (341, 27, NULL, 'WITHDRAWAL', 'DEBIT', 21193.84, 12.05, 'INR', 'ATM', 'POSTED', 'TXN20250110000341', '2025-01-10 04:32:22', 'Cash withdrawal'),
  (342, 277, 61, 'TRANSFER', 'DEBIT', 2566.82, 1.7, 'INR', 'ATM', 'POSTED', 'TXN20241212000342', '2024-12-12 21:15:53', 'Transfer to acct 731337659962'),
  (343, 264, NULL, 'DEPOSIT', 'CREDIT', 123876.54, 0.0, 'INR', 'POS', 'POSTED', 'TXN20240810000343', '2024-08-10 09:59:59', 'Cash/cheque deposit'),
  (344, 4, NULL, 'DEPOSIT', 'CREDIT', 92367.98, 0.0, 'INR', 'MOBILE', 'POSTED', 'TXN20250924000344', '2025-09-24 15:03:22', 'Cash/cheque deposit'),
  (345, 96, 206, 'TRANSFER', 'DEBIT', 26622.2, 6.74, 'INR', 'RTGS', 'POSTED', 'TXN20241228000345', '2024-12-28 03:00:22', 'Transfer to acct 221010758319'),
  (346, 79, NULL, 'CARD', 'DEBIT', 8226.17, 0.0, 'INR', 'POS', 'POSTED', 'TXN20240327000346', '2024-03-27 16:32:57', 'Card purchase'),
  (347, 241, NULL, 'CARD', 'DEBIT', 7919.27, 0.0, 'INR', 'POS', 'POSTED', 'TXN20240608000347', '2024-06-08 21:16:14', 'Card purchase'),
  (348, 138, 56, 'TRANSFER', 'DEBIT', 594.7, 0.65, 'INR', 'IMPS', 'POSTED', 'TXN20250314000348', '2025-03-14 05:34:51', 'Transfer to acct 921449689442'),
  (349, 102, NULL, 'WITHDRAWAL', 'DEBIT', 5622.22, 2.4, 'INR', 'IMPS', 'POSTED', 'TXN20250320000349', '2025-03-20 00:22:56', 'Cash withdrawal'),
  (350, 17, NULL, 'WITHDRAWAL', 'DEBIT', 8099.59, 2.42, 'INR', 'POS', 'POSTED', 'TXN20250307000350', '2025-03-07 23:21:57', 'Cash withdrawal'),
  (351, 254, NULL, 'CARD', 'DEBIT', 16000.41, 0.0, 'INR', 'POS', 'POSTED', 'TXN20240501000351', '2024-05-01 13:31:35', 'Card purchase'),
  (352, 200, NULL, 'INTEREST', 'CREDIT', 119.14, 0.0, 'INR', 'SYSTEM', 'POSTED', 'TXN20241128000352', '2024-11-28 12:32:46', 'Interest credit'),
  (353, 7, NULL, 'DEPOSIT', 'CREDIT', 115131.0, 0.0, 'INR', 'BRANCH', 'POSTED', 'TXN20240509000353', '2024-05-09 04:22:32', 'Cash/cheque deposit'),
  (354, 5, NULL, 'WITHDRAWAL', 'DEBIT', 21772.99, 9.45, 'INR', 'BRANCH', 'POSTED', 'TXN20251125000354', '2025-11-25 10:27:38', 'Cash withdrawal'),
  (355, 262, NULL, 'CARD', 'DEBIT', 3753.47, 0.0, 'INR', 'POS', 'POSTED', 'TXN20250315000355', '2025-03-15 07:39:09', 'Card purchase'),
  (356, 220, 102, 'TRANSFER', 'DEBIT', 5340.9, 1.38, 'INR', 'ATM', 'POSTED', 'TXN20240926000356', '2024-09-26 22:15:42', 'Transfer to acct 755294836639'),
  (357, 77, NULL, 'INTEREST', 'CREDIT', 207.22, 0.0, 'INR', 'SYSTEM', 'POSTED', 'TXN20250917000357', '2025-09-17 05:12:54', 'Interest credit'),
  (358, 75, NULL, 'WITHDRAWAL', 'DEBIT', 21372.52, 19.76, 'INR', 'POS', 'POSTED', 'TXN20240209000358', '2024-02-09 08:12:59', 'Cash withdrawal'),
  (359, 119, NULL, 'DEPOSIT', 'CREDIT', 33344.11, 0.0, 'INR', 'BRANCH', 'POSTED', 'TXN20250124000359', '2025-01-24 13:33:19', 'Cash/cheque deposit'),
  (360, 27, NULL, 'CARD', 'DEBIT', 538.95, 0.0, 'INR', 'POS', 'POSTED', 'TXN20240303000360', '2024-03-03 16:27:41', 'Card purchase'),
  (361, 25, 94, 'TRANSFER', 'DEBIT', 3114.64, 0.41, 'INR', 'IMPS', 'POSTED', 'TXN20250304000361', '2025-03-04 07:20:57', 'Transfer to acct 305973693879'),
  (362, 52, NULL, 'INTEREST', 'CREDIT', 388.39, 0.0, 'INR', 'SYSTEM', 'POSTED', 'TXN20240805000362', '2024-08-05 09:30:17', 'Interest credit'),
  (363, 50, 7, 'TRANSFER', 'DEBIT', 51237.97, 98.69, 'INR', 'MOBILE', 'POSTED', 'TXN20250107000363', '2025-01-07 10:19:07', 'Transfer to acct 212109071062'),
  (364, 271, NULL, 'WITHDRAWAL', 'DEBIT', 30275.22, 10.82, 'INR', 'IMPS', 'POSTED', 'TXN20250104000364', '2025-01-04 23:51:23', 'Cash withdrawal'),
  (365, 55, 67, 'TRANSFER', 'DEBIT', 47235.42, 71.07, 'INR', 'NEFT', 'POSTED', 'TXN20250821000365', '2025-08-21 12:05:56', 'Transfer to acct 521347923462'),
  (366, 51, NULL, 'DEPOSIT', 'CREDIT', 11324.45, 0.0, 'INR', 'NEFT', 'POSTED', 'TXN20240716000366', '2024-07-16 22:28:59', 'Cash/cheque deposit'),
  (367, 104, NULL, 'FEE', 'DEBIT', 135.72, 0.0, 'INR', 'SYSTEM', 'POSTED', 'TXN20241104000367', '2024-11-04 23:30:48', 'Bank fee/charge'),
  (368, 130, NULL, 'WITHDRAWAL', 'DEBIT', 44590.17, 50.79, 'INR', 'BRANCH', 'POSTED', 'TXN20240510000368', '2024-05-10 06:26:35', 'Cash withdrawal'),
  (369, 61, NULL, 'FEE', 'DEBIT', 228.16, 0.0, 'INR', 'SYSTEM', 'POSTED', 'TXN20250109000369', '2025-01-09 14:40:45', 'Bank fee/charge'),
  (370, 12, NULL, 'DEPOSIT', 'CREDIT', 25123.58, 0.0, 'INR', 'MOBILE', 'POSTED', 'TXN20250305000370', '2025-03-05 16:59:32', 'Cash/cheque deposit'),
  (371, 98, 204, 'TRANSFER', 'DEBIT', 37152.19, 49.46, 'INR', 'UPI', 'POSTED', 'TXN20241023000371', '2024-10-23 01:36:03', 'Transfer to acct 327713661752'),
  (372, 197, NULL, 'FEE', 'DEBIT', 142.81, 0.0, 'INR', 'SYSTEM', 'POSTED', 'TXN20240618000372', '2024-06-18 14:48:32', 'Bank fee/charge'),
  (373, 2, NULL, 'CARD', 'DEBIT', 3216.86, 0.0, 'INR', 'POS', 'POSTED', 'TXN20250913000373', '2025-09-13 08:13:11', 'Card purchase'),
  (374, 269, NULL, 'WITHDRAWAL', 'DEBIT', 13015.85, 16.64, 'INR', 'BRANCH', 'POSTED', 'TXN20250609000374', '2025-06-09 14:32:45', 'Cash withdrawal'),
  (375, 24, 274, 'TRANSFER', 'DEBIT', 17904.35, 1.75, 'INR', 'RTGS', 'POSTED', 'TXN20250719000375', '2025-07-19 03:10:14', 'Transfer to acct 759651915458'),
  (376, 27, NULL, 'WITHDRAWAL', 'DEBIT', 626.72, 0.77, 'INR', 'RTGS', 'POSTED', 'TXN20240516000376', '2024-05-16 08:55:50', 'Cash withdrawal'),
  (377, 189, NULL, 'FEE', 'DEBIT', 84.52, 0.0, 'INR', 'SYSTEM', 'POSTED', 'TXN20240102000377', '2024-01-02 20:22:40', 'Bank fee/charge'),
  (378, 167, NULL, 'INTEREST', 'CREDIT', 886.75, 0.0, 'INR', 'SYSTEM', 'POSTED', 'TXN20240927000378', '2024-09-27 23:08:26', 'Interest credit'),
  (379, 91, NULL, 'INTEREST', 'CREDIT', 231.13, 0.0, 'INR', 'SYSTEM', 'POSTED', 'TXN20241230000379', '2024-12-30 07:46:17', 'Interest credit'),
  (380, 196, NULL, 'DEPOSIT', 'CREDIT', 141853.88, 0.0, 'INR', 'NETBANKING', 'POSTED', 'TXN20251104000380', '2025-11-04 18:06:46', 'Cash/cheque deposit'),
  (381, 138, 105, 'TRANSFER', 'DEBIT', 420.99, 0.79, 'INR', 'NETBANKING', 'POSTED', 'TXN20240730000381', '2024-07-30 14:14:20', 'Transfer to acct 437839646089'),
  (382, 189, NULL, 'WITHDRAWAL', 'DEBIT', 7501.88, 5.39, 'INR', 'MOBILE', 'POSTED', 'TXN20240825000382', '2024-08-25 23:46:27', 'Cash withdrawal'),
  (383, 91, NULL, 'CARD', 'DEBIT', 3793.42, 0.0, 'INR', 'POS', 'POSTED', 'TXN20250415000383', '2025-04-15 05:52:55', 'Card purchase'),
  (384, 84, NULL, 'CARD', 'DEBIT', 17707.36, 0.0, 'INR', 'POS', 'POSTED', 'TXN20251025000384', '2025-10-25 09:01:19', 'Card purchase'),
  (385, 126, NULL, 'CARD', 'DEBIT', 2355.95, 0.0, 'INR', 'POS', 'POSTED', 'TXN20240312000385', '2024-03-12 04:04:27', 'Card purchase'),
  (386, 7, NULL, 'CARD', 'DEBIT', 12073.8, 0.0, 'INR', 'POS', 'POSTED', 'TXN20250623000386', '2025-06-23 04:46:48', 'Card purchase'),
  (387, 23, NULL, 'CARD', 'DEBIT', 2660.94, 0.0, 'INR', 'POS', 'POSTED', 'TXN20240122000387', '2024-01-22 03:52:00', 'Card purchase'),
  (388, 5, NULL, 'DEPOSIT', 'CREDIT', 143646.89, 0.0, 'INR', 'RTGS', 'POSTED', 'TXN20240526000388', '2024-05-26 20:38:00', 'Cash/cheque deposit'),
  (389, 72, NULL, 'DEPOSIT', 'CREDIT', 72115.77, 0.0, 'INR', 'NETBANKING', 'POSTED', 'TXN20241212000389', '2024-12-12 22:05:12', 'Cash/cheque deposit'),
  (390, 80, NULL, 'FEE', 'DEBIT', 64.73, 0.0, 'INR', 'SYSTEM', 'POSTED', 'TXN20240616000390', '2024-06-16 09:21:30', 'Bank fee/charge'),
  (391, 23, NULL, 'FEE', 'DEBIT', 30.19, 0.0, 'INR', 'SYSTEM', 'POSTED', 'TXN20251004000391', '2025-10-04 17:07:01', 'Bank fee/charge'),
  (392, 115, 13, 'TRANSFER', 'DEBIT', 17039.3, 16.42, 'INR', 'ATM', 'POSTED', 'TXN20250607000392', '2025-06-07 13:09:00', 'Transfer to acct 187230385877'),
  (393, 58, 252, 'TRANSFER', 'DEBIT', 12758.45, 3.51, 'INR', 'RTGS', 'POSTED', 'TXN20240819000393', '2024-08-19 21:24:43', 'Transfer to acct 358119220029'),
  (394, 61, NULL, 'DEPOSIT', 'CREDIT', 54137.98, 0.0, 'INR', 'RTGS', 'POSTED', 'TXN20241231000394', '2024-12-31 02:39:21', 'Cash/cheque deposit'),
  (395, 272, NULL, 'DEPOSIT', 'CREDIT', 50293.13, 0.0, 'INR', 'BRANCH', 'POSTED', 'TXN20250911000395', '2025-09-11 04:11:27', 'Cash/cheque deposit'),
  (396, 147, NULL, 'WITHDRAWAL', 'DEBIT', 17484.45, 2.73, 'INR', 'POS', 'POSTED', 'TXN20240602000396', '2024-06-02 21:43:19', 'Cash withdrawal'),
  (397, 2, NULL, 'CARD', 'DEBIT', 17237.05, 0.0, 'INR', 'POS', 'POSTED', 'TXN20240928000397', '2024-09-28 22:51:04', 'Card purchase'),
  (398, 245, NULL, 'WITHDRAWAL', 'DEBIT', 40751.02, 6.92, 'INR', 'UPI', 'POSTED', 'TXN20241123000398', '2024-11-23 04:24:28', 'Cash withdrawal'),
  (399, 94, NULL, 'CARD', 'DEBIT', 15355.36, 0.0, 'INR', 'POS', 'POSTED', 'TXN20240528000399', '2024-05-28 02:20:08', 'Card purchase'),
  (400, 212, 171, 'TRANSFER', 'DEBIT', 10409.68, 24.57, 'INR', 'IMPS', 'POSTED', 'TXN20250521000400', '2025-05-21 13:30:44', 'Transfer to acct 352416903282'),
  (401, 274, NULL, 'WITHDRAWAL', 'DEBIT', 24680.81, 19.85, 'INR', 'POS', 'POSTED', 'TXN20250304000401', '2025-03-04 17:31:34', 'Cash withdrawal'),
  (402, 270, NULL, 'WITHDRAWAL', 'DEBIT', 28936.03, 30.1, 'INR', 'POS', 'POSTED', 'TXN20240326000402', '2024-03-26 18:45:26', 'Cash withdrawal'),
  (403, 105, NULL, 'INTEREST', 'CREDIT', 894.52, 0.0, 'INR', 'SYSTEM', 'POSTED', 'TXN20240330000403', '2024-03-30 07:23:00', 'Interest credit'),
  (404, 57, NULL, 'DEPOSIT', 'CREDIT', 9030.65, 0.0, 'INR', 'IMPS', 'POSTED', 'TXN20250725000404', '2025-07-25 15:08:58', 'Cash/cheque deposit'),
  (405, 283, 216, 'TRANSFER', 'DEBIT', 18225.18, 37.72, 'INR', 'IMPS', 'POSTED', 'TXN20240522000405', '2024-05-22 09:29:09', 'Transfer to acct 184480311048'),
  (406, 194, NULL, 'DEPOSIT', 'CREDIT', 109988.92, 0.0, 'INR', 'UPI', 'POSTED', 'TXN20240430000406', '2024-04-30 22:45:09', 'Cash/cheque deposit'),
  (407, 38, NULL, 'INTEREST', 'CREDIT', 429.67, 0.0, 'INR', 'SYSTEM', 'POSTED', 'TXN20250115000407', '2025-01-15 01:44:06', 'Interest credit'),
  (408, 41, NULL, 'FEE', 'DEBIT', 65.04, 0.0, 'INR', 'SYSTEM', 'POSTED', 'TXN20240131000408', '2024-01-31 04:23:09', 'Bank fee/charge'),
  (409, 72, NULL, 'DEPOSIT', 'CREDIT', 112241.26, 0.0, 'INR', 'POS', 'POSTED', 'TXN20240602000409', '2024-06-02 05:30:47', 'Cash/cheque deposit'),
  (410, 228, NULL, 'INTEREST', 'CREDIT', 703.48, 0.0, 'INR', 'SYSTEM', 'POSTED', 'TXN20250426000410', '2025-04-26 13:46:21', 'Interest credit'),
  (411, 17, NULL, 'INTEREST', 'CREDIT', 544.15, 0.0, 'INR', 'SYSTEM', 'POSTED', 'TXN20241020000411', '2024-10-20 03:09:03', 'Interest credit'),
  (412, 217, NULL, 'WITHDRAWAL', 'DEBIT', 34027.19, 44.71, 'INR', 'NETBANKING', 'POSTED', 'TXN20240613000412', '2024-06-13 00:25:53', 'Cash withdrawal'),
  (413, 117, NULL, 'FEE', 'DEBIT', 108.8, 0.0, 'INR', 'SYSTEM', 'POSTED', 'TXN20250808000413', '2025-08-08 16:19:45', 'Bank fee/charge'),
  (414, 109, NULL, 'WITHDRAWAL', 'DEBIT', 20080.08, 1.69, 'INR', 'RTGS', 'POSTED', 'TXN20240404000414', '2024-04-04 16:24:08', 'Cash withdrawal'),
  (415, 240, NULL, 'CARD', 'DEBIT', 1759.13, 0.0, 'INR', 'POS', 'POSTED', 'TXN20250726000415', '2025-07-26 19:53:04', 'Card purchase'),
  (416, 218, NULL, 'CARD', 'DEBIT', 3910.72, 0.0, 'INR', 'POS', 'POSTED', 'TXN20240617000416', '2024-06-17 01:51:23', 'Card purchase'),
  (417, 172, NULL, 'DEPOSIT', 'CREDIT', 4304.52, 0.0, 'INR', 'ATM', 'POSTED', 'TXN20240320000417', '2024-03-20 11:38:49', 'Cash/cheque deposit'),
  (418, 6, 159, 'TRANSFER', 'DEBIT', 14121.4, 7.12, 'INR', 'UPI', 'POSTED', 'TXN20250708000418', '2025-07-08 03:04:13', 'Transfer to acct 697802009830'),
  (419, 23, NULL, 'DEPOSIT', 'CREDIT', 84604.52, 0.0, 'INR', 'NEFT', 'POSTED', 'TXN20241002000419', '2024-10-02 02:36:36', 'Cash/cheque deposit'),
  (420, 5, NULL, 'CARD', 'DEBIT', 19611.22, 0.0, 'INR', 'POS', 'POSTED', 'TXN20240219000420', '2024-02-19 10:05:19', 'Card purchase'),
  (421, 201, 183, 'TRANSFER', 'DEBIT', 73040.11, 128.31, 'INR', 'POS', 'POSTED', 'TXN20250527000421', '2025-05-27 06:20:48', 'Transfer to acct 736250341471'),
  (422, 258, NULL, 'DEPOSIT', 'CREDIT', 121143.4, 0.0, 'INR', 'IMPS', 'POSTED', 'TXN20250221000422', '2025-02-21 23:32:06', 'Cash/cheque deposit'),
  (423, 20, NULL, 'WITHDRAWAL', 'DEBIT', 14576.96, 3.31, 'INR', 'BRANCH', 'POSTED', 'TXN20250824000423', '2025-08-24 12:30:37', 'Cash withdrawal'),
  (424, 111, NULL, 'CARD', 'DEBIT', 16153.37, 0.0, 'INR', 'POS', 'POSTED', 'TXN20251002000424', '2025-10-02 02:45:14', 'Card purchase'),
  (425, 268, NULL, 'INTEREST', 'CREDIT', 837.27, 0.0, 'INR', 'SYSTEM', 'POSTED', 'TXN20240613000425', '2024-06-13 16:33:46', 'Interest credit'),
  (426, 221, 21, 'TRANSFER', 'DEBIT', 66806.46, 129.3, 'INR', 'MOBILE', 'POSTED', 'TXN20240514000426', '2024-05-14 10:18:23', 'Transfer to acct 797272580412'),
  (427, 79, NULL, 'CARD', 'DEBIT', 11346.68, 0.0, 'INR', 'POS', 'POSTED', 'TXN20240801000427', '2024-08-01 19:38:04', 'Card purchase'),
  (428, 159, NULL, 'CARD', 'DEBIT', 10951.78, 0.0, 'INR', 'POS', 'POSTED', 'TXN20240116000428', '2024-01-16 04:49:55', 'Card purchase'),
  (429, 152, NULL, 'DEPOSIT', 'CREDIT', 24304.73, 0.0, 'INR', 'MOBILE', 'POSTED', 'TXN20240406000429', '2024-04-06 14:20:10', 'Cash/cheque deposit'),
  (430, 236, 133, 'TRANSFER', 'DEBIT', 73961.44, 180.93, 'INR', 'IMPS', 'POSTED', 'TXN20241227000430', '2024-12-27 02:04:11', 'Transfer to acct 269032850474'),
  (431, 187, NULL, 'CARD', 'DEBIT', 17182.89, 0.0, 'INR', 'POS', 'POSTED', 'TXN20240506000431', '2024-05-06 18:31:02', 'Card purchase'),
  (432, 188, NULL, 'CARD', 'DEBIT', 10259.34, 0.0, 'INR', 'POS', 'POSTED', 'TXN20250926000432', '2025-09-26 21:08:28', 'Card purchase'),
  (433, 260, NULL, 'FEE', 'DEBIT', 115.27, 0.0, 'INR', 'SYSTEM', 'POSTED', 'TXN20250117000433', '2025-01-17 02:43:26', 'Bank fee/charge'),
  (434, 126, NULL, 'INTEREST', 'CREDIT', 630.07, 0.0, 'INR', 'SYSTEM', 'POSTED', 'TXN20250927000434', '2025-09-27 20:03:47', 'Interest credit'),
  (435, 82, NULL, 'FEE', 'DEBIT', 144.68, 0.0, 'INR', 'SYSTEM', 'POSTED', 'TXN20240607000435', '2024-06-07 03:18:24', 'Bank fee/charge'),
  (436, 179, NULL, 'DEPOSIT', 'CREDIT', 69935.05, 0.0, 'INR', 'NEFT', 'POSTED', 'TXN20250201000436', '2025-02-01 14:42:05', 'Cash/cheque deposit'),
  (437, 56, NULL, 'INTEREST', 'CREDIT', 825.8, 0.0, 'INR', 'SYSTEM', 'POSTED', 'TXN20250421000437', '2025-04-21 03:05:11', 'Interest credit'),
  (438, 163, NULL, 'CARD', 'DEBIT', 743.49, 0.0, 'INR', 'POS', 'POSTED', 'TXN20240723000438', '2024-07-23 12:21:04', 'Card purchase'),
  (439, 280, NULL, 'WITHDRAWAL', 'DEBIT', 7871.48, 5.55, 'INR', 'MOBILE', 'POSTED', 'TXN20240427000439', '2024-04-27 08:29:02', 'Cash withdrawal'),
  (440, 195, NULL, 'INTEREST', 'CREDIT', 57.1, 0.0, 'INR', 'SYSTEM', 'POSTED', 'TXN20241123000440', '2024-11-23 18:02:38', 'Interest credit'),
  (441, 12, 217, 'TRANSFER', 'DEBIT', 20275.12, 32.22, 'INR', 'POS', 'POSTED', 'TXN20250429000441', '2025-04-29 06:03:13', 'Transfer to acct 852086331453'),
  (442, 153, NULL, 'DEPOSIT', 'CREDIT', 131079.01, 0.0, 'INR', 'UPI', 'POSTED', 'TXN20240311000442', '2024-03-11 08:25:05', 'Cash/cheque deposit'),
  (443, 133, NULL, 'CARD', 'DEBIT', 3697.88, 0.0, 'INR', 'POS', 'POSTED', 'TXN20250621000443', '2025-06-21 06:42:57', 'Card purchase'),
  (444, 85, NULL, 'DEPOSIT', 'CREDIT', 29870.94, 0.0, 'INR', 'ATM', 'POSTED', 'TXN20250314000444', '2025-03-14 10:48:19', 'Cash/cheque deposit'),
  (445, 83, NULL, 'CARD', 'DEBIT', 19312.48, 0.0, 'INR', 'POS', 'POSTED', 'TXN20250501000445', '2025-05-01 17:44:50', 'Card purchase'),
  (446, 288, NULL, 'CARD', 'DEBIT', 15665.79, 0.0, 'INR', 'POS', 'POSTED', 'TXN20250807000446', '2025-08-07 12:52:00', 'Card purchase'),
  (447, 75, NULL, 'FEE', 'DEBIT', 84.31, 0.0, 'INR', 'SYSTEM', 'POSTED', 'TXN20240320000447', '2024-03-20 23:42:37', 'Bank fee/charge'),
  (448, 76, NULL, 'INTEREST', 'CREDIT', 450.0, 0.0, 'INR', 'SYSTEM', 'POSTED', 'TXN20240115000448', '2024-01-15 04:57:29', 'Interest credit'),
  (449, 2, 231, 'TRANSFER', 'DEBIT', 70752.11, 151.63, 'INR', 'ATM', 'POSTED', 'TXN20251121000449', '2025-11-21 13:16:33', 'Transfer to acct 203255384423'),
  (450, 112, NULL, 'INTEREST', 'CREDIT', 671.39, 0.0, 'INR', 'SYSTEM', 'POSTED', 'TXN20251016000450', '2025-10-16 18:06:02', 'Interest credit'),
  (451, 111, NULL, 'WITHDRAWAL', 'DEBIT', 17469.47, 24.96, 'INR', 'POS', 'POSTED', 'TXN20250713000451', '2025-07-13 05:38:24', 'Cash withdrawal'),
  (452, 158, NULL, 'INTEREST', 'CREDIT', 452.37, 0.0, 'INR', 'SYSTEM', 'POSTED', 'TXN20250114000452', '2025-01-14 11:01:19', 'Interest credit'),
  (453, 181, NULL, 'DEPOSIT', 'CREDIT', 52896.46, 0.0, 'INR', 'MOBILE', 'POSTED', 'TXN20251026000453', '2025-10-26 14:26:26', 'Cash/cheque deposit'),
  (454, 91, NULL, 'FEE', 'DEBIT', 117.41, 0.0, 'INR', 'SYSTEM', 'POSTED', 'TXN20250619000454', '2025-06-19 10:07:59', 'Bank fee/charge'),
  (455, 224, 196, 'TRANSFER', 'DEBIT', 21412.84, 35.31, 'INR', 'UPI', 'POSTED', 'TXN20250720000455', '2025-07-20 19:10:34', 'Transfer to acct 138026907248'),
  (456, 51, NULL, 'INTEREST', 'CREDIT', 895.83, 0.0, 'INR', 'SYSTEM', 'POSTED', 'TXN20251011000456', '2025-10-11 09:44:39', 'Interest credit'),
  (457, 211, NULL, 'DEPOSIT', 'CREDIT', 15640.93, 0.0, 'INR', 'ATM', 'POSTED', 'TXN20251027000457', '2025-10-27 00:39:59', 'Cash/cheque deposit'),
  (458, 17, NULL, 'INTEREST', 'CREDIT', 601.27, 0.0, 'INR', 'SYSTEM', 'POSTED', 'TXN20240412000458', '2024-04-12 20:28:32', 'Interest credit'),
  (459, 59, NULL, 'CARD', 'DEBIT', 3927.29, 0.0, 'INR', 'POS', 'POSTED', 'TXN20240816000459', '2024-08-16 14:35:24', 'Card purchase'),
  (460, 203, NULL, 'CARD', 'DEBIT', 171.95, 0.0, 'INR', 'POS', 'POSTED', 'TXN20241225000460', '2024-12-25 14:26:58', 'Card purchase'),
  (461, 136, 158, 'TRANSFER', 'DEBIT', 62894.39, 125.02, 'INR', 'NEFT', 'POSTED', 'TXN20250603000461', '2025-06-03 09:17:56', 'Transfer to acct 905043167656'),
  (462, 14, NULL, 'CARD', 'DEBIT', 3084.44, 0.0, 'INR', 'POS', 'POSTED', 'TXN20240105000462', '2024-01-05 13:02:00', 'Card purchase'),
  (463, 293, 221, 'TRANSFER', 'DEBIT', 18175.24, 44.23, 'INR', 'NETBANKING', 'POSTED', 'TXN20250906000463', '2025-09-06 10:21:10', 'Transfer to acct 269295737359'),
  (464, 200, NULL, 'WITHDRAWAL', 'DEBIT', 48870.05, 12.73, 'INR', 'POS', 'POSTED', 'TXN20240222000464', '2024-02-22 18:27:08', 'Cash withdrawal'),
  (465, 65, 259, 'TRANSFER', 'DEBIT', 8922.04, 12.87, 'INR', 'NETBANKING', 'POSTED', 'TXN20240611000465', '2024-06-11 13:14:06', 'Transfer to acct 180003665908'),
  (466, 48, NULL, 'CARD', 'DEBIT', 1883.44, 0.0, 'INR', 'POS', 'POSTED', 'TXN20250720000466', '2025-07-20 05:20:13', 'Card purchase'),
  (467, 279, NULL, 'CARD', 'DEBIT', 424.37, 0.0, 'INR', 'POS', 'POSTED', 'TXN20251005000467', '2025-10-05 18:09:01', 'Card purchase'),
  (468, 184, NULL, 'CARD', 'DEBIT', 3747.37, 0.0, 'INR', 'POS', 'POSTED', 'TXN20240513000468', '2024-05-13 14:40:40', 'Card purchase'),
  (469, 126, NULL, 'INTEREST', 'CREDIT', 653.96, 0.0, 'INR', 'SYSTEM', 'POSTED', 'TXN20241031000469', '2024-10-31 06:34:53', 'Interest credit'),
  (470, 74, NULL, 'CARD', 'DEBIT', 12556.21, 0.0, 'INR', 'POS', 'POSTED', 'TXN20251106000470', '2025-11-06 01:17:05', 'Card purchase'),
  (471, 63, NULL, 'INTEREST', 'CREDIT', 97.26, 0.0, 'INR', 'SYSTEM', 'POSTED', 'TXN20240423000471', '2024-04-23 14:59:38', 'Interest credit'),
  (472, 186, 107, 'TRANSFER', 'DEBIT', 29340.48, 36.02, 'INR', 'RTGS', 'POSTED', 'TXN20240703000472', '2024-07-03 02:04:31', 'Transfer to acct 317061711652'),
  (473, 108, NULL, 'DEPOSIT', 'CREDIT', 103131.73, 0.0, 'INR', 'POS', 'POSTED', 'TXN20240316000473', '2024-03-16 15:40:04', 'Cash/cheque deposit'),
  (474, 93, NULL, 'CARD', 'DEBIT', 5989.12, 0.0, 'INR', 'POS', 'POSTED', 'TXN20251010000474', '2025-10-10 14:51:10', 'Card purchase'),
  (475, 280, NULL, 'WITHDRAWAL', 'DEBIT', 350.23, 0.27, 'INR', 'BRANCH', 'POSTED', 'TXN20240430000475', '2024-04-30 10:22:30', 'Cash withdrawal'),
  (476, 12, 266, 'TRANSFER', 'DEBIT', 38405.27, 14.63, 'INR', 'ATM', 'POSTED', 'TXN20240716000476', '2024-07-16 19:01:34', 'Transfer to acct 244170248107'),
  (477, 113, 43, 'TRANSFER', 'DEBIT', 54594.41, 128.28, 'INR', 'ATM', 'POSTED', 'TXN20240810000477', '2024-08-10 00:20:08', 'Transfer to acct 640478059617'),
  (478, 283, 240, 'TRANSFER', 'DEBIT', 55902.32, 69.29, 'INR', 'RTGS', 'POSTED', 'TXN20250508000478', '2025-05-08 06:05:22', 'Transfer to acct 935197791408'),
  (479, 144, NULL, 'FEE', 'DEBIT', 240.66, 0.0, 'INR', 'SYSTEM', 'POSTED', 'TXN20240716000479', '2024-07-16 08:11:12', 'Bank fee/charge'),
  (480, 222, NULL, 'DEPOSIT', 'CREDIT', 132440.31, 0.0, 'INR', 'RTGS', 'POSTED', 'TXN20240618000480', '2024-06-18 06:46:31', 'Cash/cheque deposit'),
  (481, 197, NULL, 'CARD', 'DEBIT', 8597.67, 0.0, 'INR', 'POS', 'POSTED', 'TXN20241122000481', '2024-11-22 19:06:38', 'Card purchase'),
  (482, 231, NULL, 'FEE', 'DEBIT', 45.98, 0.0, 'INR', 'SYSTEM', 'POSTED', 'TXN20250117000482', '2025-01-17 20:52:04', 'Bank fee/charge'),
  (483, 272, NULL, 'DEPOSIT', 'CREDIT', 52902.78, 0.0, 'INR', 'NETBANKING', 'POSTED', 'TXN20240916000483', '2024-09-16 18:26:18', 'Cash/cheque deposit'),
  (484, 96, NULL, 'DEPOSIT', 'CREDIT', 53725.9, 0.0, 'INR', 'ATM', 'POSTED', 'TXN20240703000484', '2024-07-03 10:27:50', 'Cash/cheque deposit'),
  (485, 161, NULL, 'DEPOSIT', 'CREDIT', 18433.31, 0.0, 'INR', 'NEFT', 'POSTED', 'TXN20251103000485', '2025-11-03 11:23:09', 'Cash/cheque deposit'),
  (486, 165, 120, 'TRANSFER', 'DEBIT', 42144.96, 40.63, 'INR', 'BRANCH', 'POSTED', 'TXN20241202000486', '2024-12-02 06:29:36', 'Transfer to acct 549011905752'),
  (487, 143, NULL, 'FEE', 'DEBIT', 180.49, 0.0, 'INR', 'SYSTEM', 'POSTED', 'TXN20250623000487', '2025-06-23 06:06:35', 'Bank fee/charge'),
  (488, 223, NULL, 'INTEREST', 'CREDIT', 286.69, 0.0, 'INR', 'SYSTEM', 'POSTED', 'TXN20250810000488', '2025-08-10 20:26:43', 'Interest credit'),
  (489, 256, 24, 'TRANSFER', 'DEBIT', 74269.97, 78.21, 'INR', 'NEFT', 'POSTED', 'TXN20240720000489', '2024-07-20 01:51:31', 'Transfer to acct 246899532166'),
  (490, 197, NULL, 'DEPOSIT', 'CREDIT', 35539.65, 0.0, 'INR', 'MOBILE', 'POSTED', 'TXN20240624000490', '2024-06-24 19:20:37', 'Cash/cheque deposit'),
  (491, 295, NULL, 'DEPOSIT', 'CREDIT', 148194.42, 0.0, 'INR', 'RTGS', 'POSTED', 'TXN20240119000491', '2024-01-19 20:50:54', 'Cash/cheque deposit'),
  (492, 274, NULL, 'CARD', 'DEBIT', 18362.33, 0.0, 'INR', 'POS', 'POSTED', 'TXN20240514000492', '2024-05-14 12:02:57', 'Card purchase'),
  (493, 49, NULL, 'DEPOSIT', 'CREDIT', 124494.55, 0.0, 'INR', 'IMPS', 'POSTED', 'TXN20251022000493', '2025-10-22 00:04:30', 'Cash/cheque deposit'),
  (494, 205, NULL, 'CARD', 'DEBIT', 1613.75, 0.0, 'INR', 'POS', 'POSTED', 'TXN20241008000494', '2024-10-08 10:48:22', 'Card purchase'),
  (495, 233, 253, 'TRANSFER', 'DEBIT', 63657.99, 153.92, 'INR', 'MOBILE', 'POSTED', 'TXN20250919000495', '2025-09-19 01:25:19', 'Transfer to acct 247632994272'),
  (496, 25, NULL, 'DEPOSIT', 'CREDIT', 123835.93, 0.0, 'INR', 'IMPS', 'POSTED', 'TXN20250924000496', '2025-09-24 03:01:14', 'Cash/cheque deposit'),
  (497, 116, NULL, 'WITHDRAWAL', 'DEBIT', 8592.55, 2.46, 'INR', 'ATM', 'POSTED', 'TXN20241126000497', '2024-11-26 22:46:27', 'Cash withdrawal'),
  (498, 133, 23, 'TRANSFER', 'DEBIT', 8354.73, 19.78, 'INR', 'NETBANKING', 'POSTED', 'TXN20240106000498', '2024-01-06 22:55:03', 'Transfer to acct 183298104534'),
  (499, 195, NULL, 'DEPOSIT', 'CREDIT', 40559.82, 0.0, 'INR', 'RTGS', 'POSTED', 'TXN20241203000499', '2024-12-03 22:39:50', 'Cash/cheque deposit'),
  (500, 164, NULL, 'WITHDRAWAL', 'DEBIT', 43108.56, 48.69, 'INR', 'UPI', 'POSTED', 'TXN20250820000500', '2025-08-20 14:07:08', 'Cash withdrawal');

INSERT INTO bank_transactions (txn_id, account_id, counterparty_account_id, txn_type, direction, amount, fee, currency, channel, status, reference, booked_at, description) VALUES
  (501, 124, NULL, 'CARD', 'DEBIT', 11566.14, 0.0, 'INR', 'POS', 'POSTED', 'TXN20251115000501', '2025-11-15 03:33:33', 'Card purchase'),
  (502, 248, NULL, 'INTEREST', 'CREDIT', 204.02, 0.0, 'INR', 'SYSTEM', 'POSTED', 'TXN20241014000502', '2024-10-14 10:49:46', 'Interest credit'),
  (503, 125, 106, 'TRANSFER', 'DEBIT', 52137.63, 9.79, 'INR', 'RTGS', 'POSTED', 'TXN20240325000503', '2024-03-25 11:35:53', 'Transfer to acct 247572868691'),
  (504, 240, NULL, 'CARD', 'DEBIT', 16373.86, 0.0, 'INR', 'POS', 'POSTED', 'TXN20240805000504', '2024-08-05 00:42:13', 'Card purchase'),
  (505, 271, NULL, 'WITHDRAWAL', 'DEBIT', 25744.97, 12.1, 'INR', 'MOBILE', 'POSTED', 'TXN20240417000505', '2024-04-17 10:13:52', 'Cash withdrawal'),
  (506, 55, 67, 'TRANSFER', 'DEBIT', 427.21, 1.04, 'INR', 'MOBILE', 'POSTED', 'TXN20251102000506', '2025-11-02 04:54:32', 'Transfer to acct 521347923462'),
  (507, 143, NULL, 'FEE', 'DEBIT', 108.66, 0.0, 'INR', 'SYSTEM', 'POSTED', 'TXN20240726000507', '2024-07-26 12:12:04', 'Bank fee/charge'),
  (508, 237, NULL, 'INTEREST', 'CREDIT', 788.7, 0.0, 'INR', 'SYSTEM', 'POSTED', 'TXN20250814000508', '2025-08-14 20:06:09', 'Interest credit'),
  (509, 96, NULL, 'INTEREST', 'CREDIT', 240.81, 0.0, 'INR', 'SYSTEM', 'POSTED', 'TXN20240903000509', '2024-09-03 00:57:29', 'Interest credit'),
  (510, 282, NULL, 'CARD', 'DEBIT', 1699.65, 0.0, 'INR', 'POS', 'POSTED', 'TXN20250408000510', '2025-04-08 11:16:07', 'Card purchase'),
  (511, 261, NULL, 'CARD', 'DEBIT', 6688.12, 0.0, 'INR', 'POS', 'POSTED', 'TXN20240603000511', '2024-06-03 12:32:27', 'Card purchase'),
  (512, 196, NULL, 'CARD', 'DEBIT', 14645.39, 0.0, 'INR', 'POS', 'POSTED', 'TXN20250113000512', '2025-01-13 03:03:41', 'Card purchase'),
  (513, 142, NULL, 'CARD', 'DEBIT', 10600.66, 0.0, 'INR', 'POS', 'POSTED', 'TXN20241028000513', '2024-10-28 06:25:11', 'Card purchase'),
  (514, 128, NULL, 'CARD', 'DEBIT', 19180.25, 0.0, 'INR', 'POS', 'POSTED', 'TXN20250319000514', '2025-03-19 03:43:03', 'Card purchase'),
  (515, 123, NULL, 'WITHDRAWAL', 'DEBIT', 3385.78, 0.51, 'INR', 'ATM', 'POSTED', 'TXN20240224000515', '2024-02-24 01:36:17', 'Cash withdrawal'),
  (516, 138, NULL, 'WITHDRAWAL', 'DEBIT', 54.59, 0.02, 'INR', 'POS', 'POSTED', 'TXN20250205000516', '2025-02-05 12:06:14', 'Cash withdrawal'),
  (517, 49, NULL, 'INTEREST', 'CREDIT', 167.39, 0.0, 'INR', 'SYSTEM', 'POSTED', 'TXN20250902000517', '2025-09-02 09:46:00', 'Interest credit'),
  (518, 162, NULL, 'INTEREST', 'CREDIT', 613.62, 0.0, 'INR', 'SYSTEM', 'POSTED', 'TXN20241108000518', '2024-11-08 22:15:10', 'Interest credit'),
  (519, 243, NULL, 'WITHDRAWAL', 'DEBIT', 21453.34, 0.67, 'INR', 'UPI', 'POSTED', 'TXN20241206000519', '2024-12-06 14:09:00', 'Cash withdrawal'),
  (520, 5, 181, 'TRANSFER', 'DEBIT', 72717.14, 106.01, 'INR', 'ATM', 'POSTED', 'TXN20240623000520', '2024-06-23 21:48:54', 'Transfer to acct 402800569349'),
  (521, 9, NULL, 'CARD', 'DEBIT', 11353.99, 0.0, 'INR', 'POS', 'POSTED', 'TXN20250428000521', '2025-04-28 03:02:52', 'Card purchase'),
  (522, 76, 49, 'TRANSFER', 'DEBIT', 7544.44, 15.16, 'INR', 'NEFT', 'POSTED', 'TXN20250621000522', '2025-06-21 16:10:48', 'Transfer to acct 604743217364'),
  (523, 132, 250, 'TRANSFER', 'DEBIT', 19052.59, 21.85, 'INR', 'MOBILE', 'POSTED', 'TXN20250517000523', '2025-05-17 23:22:34', 'Transfer to acct 835125569840'),
  (524, 248, 58, 'TRANSFER', 'DEBIT', 20281.81, 26.33, 'INR', 'RTGS', 'POSTED', 'TXN20241207000524', '2024-12-07 16:49:42', 'Transfer to acct 604008868230'),
  (525, 73, NULL, 'INTEREST', 'CREDIT', 322.12, 0.0, 'INR', 'SYSTEM', 'POSTED', 'TXN20240531000525', '2024-05-31 13:54:14', 'Interest credit'),
  (526, 185, NULL, 'DEPOSIT', 'CREDIT', 31025.5, 0.0, 'INR', 'NEFT', 'POSTED', 'TXN20250814000526', '2025-08-14 23:44:27', 'Cash/cheque deposit'),
  (527, 279, NULL, 'DEPOSIT', 'CREDIT', 134893.29, 0.0, 'INR', 'NEFT', 'POSTED', 'TXN20250121000527', '2025-01-21 20:06:17', 'Cash/cheque deposit'),
  (528, 179, NULL, 'CARD', 'DEBIT', 17762.14, 0.0, 'INR', 'POS', 'POSTED', 'TXN20240628000528', '2024-06-28 08:58:43', 'Card purchase'),
  (529, 297, NULL, 'CARD', 'DEBIT', 10411.15, 0.0, 'INR', 'POS', 'POSTED', 'TXN20241009000529', '2024-10-09 09:12:02', 'Card purchase'),
  (530, 178, 148, 'TRANSFER', 'DEBIT', 8308.78, 0.17, 'INR', 'ATM', 'POSTED', 'TXN20250319000530', '2025-03-19 14:36:50', 'Transfer to acct 627230740659'),
  (531, 149, NULL, 'INTEREST', 'CREDIT', 561.79, 0.0, 'INR', 'SYSTEM', 'POSTED', 'TXN20250422000531', '2025-04-22 21:09:33', 'Interest credit'),
  (532, 8, NULL, 'INTEREST', 'CREDIT', 409.02, 0.0, 'INR', 'SYSTEM', 'POSTED', 'TXN20241106000532', '2024-11-06 15:18:04', 'Interest credit'),
  (533, 157, NULL, 'WITHDRAWAL', 'DEBIT', 354.0, 0.19, 'INR', 'RTGS', 'POSTED', 'TXN20250830000533', '2025-08-30 03:03:31', 'Cash withdrawal'),
  (534, 146, NULL, 'DEPOSIT', 'CREDIT', 117810.97, 0.0, 'INR', 'BRANCH', 'POSTED', 'TXN20240914000534', '2024-09-14 04:22:56', 'Cash/cheque deposit'),
  (535, 74, NULL, 'FEE', 'DEBIT', 249.0, 0.0, 'INR', 'SYSTEM', 'POSTED', 'TXN20240607000535', '2024-06-07 02:45:17', 'Bank fee/charge'),
  (536, 17, NULL, 'WITHDRAWAL', 'DEBIT', 23711.57, 12.61, 'INR', 'POS', 'POSTED', 'TXN20250822000536', '2025-08-22 02:18:14', 'Cash withdrawal'),
  (537, 134, NULL, 'INTEREST', 'CREDIT', 828.25, 0.0, 'INR', 'SYSTEM', 'POSTED', 'TXN20250308000537', '2025-03-08 12:57:06', 'Interest credit'),
  (538, 166, NULL, 'FEE', 'DEBIT', 202.07, 0.0, 'INR', 'SYSTEM', 'POSTED', 'TXN20240626000538', '2024-06-26 18:27:43', 'Bank fee/charge'),
  (539, 103, NULL, 'WITHDRAWAL', 'DEBIT', 15123.01, 1.94, 'INR', 'NEFT', 'POSTED', 'TXN20240913000539', '2024-09-13 04:26:35', 'Cash withdrawal'),
  (540, 224, NULL, 'FEE', 'DEBIT', 28.53, 0.0, 'INR', 'SYSTEM', 'POSTED', 'TXN20250712000540', '2025-07-12 05:24:50', 'Bank fee/charge'),
  (541, 184, NULL, 'FEE', 'DEBIT', 119.75, 0.0, 'INR', 'SYSTEM', 'POSTED', 'TXN20241116000541', '2024-11-16 16:59:43', 'Bank fee/charge'),
  (542, 287, NULL, 'CARD', 'DEBIT', 547.91, 0.0, 'INR', 'POS', 'POSTED', 'TXN20250306000542', '2025-03-06 13:29:01', 'Card purchase'),
  (543, 125, NULL, 'CARD', 'DEBIT', 11614.84, 0.0, 'INR', 'POS', 'POSTED', 'TXN20240523000543', '2024-05-23 19:58:19', 'Card purchase'),
  (544, 28, 202, 'TRANSFER', 'DEBIT', 9488.89, 15.9, 'INR', 'UPI', 'POSTED', 'TXN20250927000544', '2025-09-27 17:57:36', 'Transfer to acct 703471636817'),
  (545, 139, NULL, 'CARD', 'DEBIT', 16601.29, 0.0, 'INR', 'POS', 'POSTED', 'TXN20250416000545', '2025-04-16 01:05:03', 'Card purchase'),
  (546, 149, NULL, 'INTEREST', 'CREDIT', 509.33, 0.0, 'INR', 'SYSTEM', 'POSTED', 'TXN20241207000546', '2024-12-07 19:06:52', 'Interest credit'),
  (547, 262, NULL, 'INTEREST', 'CREDIT', 665.69, 0.0, 'INR', 'SYSTEM', 'POSTED', 'TXN20240303000547', '2024-03-03 03:47:37', 'Interest credit'),
  (548, 254, NULL, 'DEPOSIT', 'CREDIT', 20546.77, 0.0, 'INR', 'NEFT', 'POSTED', 'TXN20250612000548', '2025-06-12 04:35:47', 'Cash/cheque deposit'),
  (549, 4, NULL, 'INTEREST', 'CREDIT', 725.25, 0.0, 'INR', 'SYSTEM', 'POSTED', 'TXN20241104000549', '2024-11-04 20:19:46', 'Interest credit'),
  (550, 62, NULL, 'FEE', 'DEBIT', 132.36, 0.0, 'INR', 'SYSTEM', 'POSTED', 'TXN20240427000550', '2024-04-27 02:00:09', 'Bank fee/charge'),
  (551, 259, NULL, 'WITHDRAWAL', 'DEBIT', 22246.41, 1.86, 'INR', 'NEFT', 'POSTED', 'TXN20240416000551', '2024-04-16 15:01:53', 'Cash withdrawal'),
  (552, 121, NULL, 'DEPOSIT', 'CREDIT', 126273.95, 0.0, 'INR', 'RTGS', 'POSTED', 'TXN20250218000552', '2025-02-18 15:11:52', 'Cash/cheque deposit'),
  (553, 222, NULL, 'FEE', 'DEBIT', 40.83, 0.0, 'INR', 'SYSTEM', 'POSTED', 'TXN20250919000553', '2025-09-19 21:28:54', 'Bank fee/charge'),
  (554, 88, NULL, 'DEPOSIT', 'CREDIT', 76776.1, 0.0, 'INR', 'UPI', 'POSTED', 'TXN20240525000554', '2024-05-25 23:42:15', 'Cash/cheque deposit'),
  (555, 149, NULL, 'INTEREST', 'CREDIT', 601.11, 0.0, 'INR', 'SYSTEM', 'POSTED', 'TXN20240724000555', '2024-07-24 15:30:18', 'Interest credit'),
  (556, 198, NULL, 'FEE', 'DEBIT', 175.92, 0.0, 'INR', 'SYSTEM', 'POSTED', 'TXN20250111000556', '2025-01-11 21:17:25', 'Bank fee/charge'),
  (557, 146, NULL, 'DEPOSIT', 'CREDIT', 68616.63, 0.0, 'INR', 'MOBILE', 'POSTED', 'TXN20250302000557', '2025-03-02 13:09:01', 'Cash/cheque deposit'),
  (558, 228, NULL, 'FEE', 'DEBIT', 15.44, 0.0, 'INR', 'SYSTEM', 'POSTED', 'TXN20240112000558', '2024-01-12 18:19:02', 'Bank fee/charge'),
  (559, 5, 82, 'TRANSFER', 'DEBIT', 26863.19, 57.48, 'INR', 'UPI', 'POSTED', 'TXN20250424000559', '2025-04-24 23:29:17', 'Transfer to acct 887539353371'),
  (560, 263, NULL, 'FEE', 'DEBIT', 20.38, 0.0, 'INR', 'SYSTEM', 'POSTED', 'TXN20241223000560', '2024-12-23 22:33:24', 'Bank fee/charge'),
  (561, 174, NULL, 'INTEREST', 'CREDIT', 414.07, 0.0, 'INR', 'SYSTEM', 'POSTED', 'TXN20241226000561', '2024-12-26 20:46:36', 'Interest credit'),
  (562, 35, NULL, 'WITHDRAWAL', 'DEBIT', 45816.39, 44.34, 'INR', 'RTGS', 'POSTED', 'TXN20251105000562', '2025-11-05 09:59:25', 'Cash withdrawal'),
  (563, 260, NULL, 'CARD', 'DEBIT', 15512.45, 0.0, 'INR', 'POS', 'POSTED', 'TXN20250912000563', '2025-09-12 21:11:36', 'Card purchase'),
  (564, 179, NULL, 'FEE', 'DEBIT', 148.2, 0.0, 'INR', 'SYSTEM', 'POSTED', 'TXN20240512000564', '2024-05-12 22:20:37', 'Bank fee/charge'),
  (565, 82, NULL, 'CARD', 'DEBIT', 4649.45, 0.0, 'INR', 'POS', 'POSTED', 'TXN20240216000565', '2024-02-16 00:54:46', 'Card purchase'),
  (566, 119, NULL, 'INTEREST', 'CREDIT', 883.21, 0.0, 'INR', 'SYSTEM', 'POSTED', 'TXN20250526000566', '2025-05-26 21:30:20', 'Interest credit'),
  (567, 197, NULL, 'INTEREST', 'CREDIT', 680.48, 0.0, 'INR', 'SYSTEM', 'POSTED', 'TXN20240417000567', '2024-04-17 05:46:57', 'Interest credit'),
  (568, 20, NULL, 'CARD', 'DEBIT', 16939.1, 0.0, 'INR', 'POS', 'POSTED', 'TXN20240304000568', '2024-03-04 19:16:07', 'Card purchase'),
  (569, 16, NULL, 'DEPOSIT', 'CREDIT', 138540.27, 0.0, 'INR', 'MOBILE', 'POSTED', 'TXN20250118000569', '2025-01-18 19:40:53', 'Cash/cheque deposit'),
  (570, 294, 285, 'TRANSFER', 'DEBIT', 15020.1, 9.48, 'INR', 'ATM', 'POSTED', 'TXN20250405000570', '2025-04-05 12:08:40', 'Transfer to acct 302722561287'),
  (571, 223, NULL, 'CARD', 'DEBIT', 16280.48, 0.0, 'INR', 'POS', 'POSTED', 'TXN20240818000571', '2024-08-18 06:47:10', 'Card purchase'),
  (572, 50, NULL, 'WITHDRAWAL', 'DEBIT', 10256.63, 12.46, 'INR', 'ATM', 'POSTED', 'TXN20250819000572', '2025-08-19 00:40:42', 'Cash withdrawal'),
  (573, 37, NULL, 'DEPOSIT', 'CREDIT', 51172.63, 0.0, 'INR', 'IMPS', 'POSTED', 'TXN20250221000573', '2025-02-21 18:34:55', 'Cash/cheque deposit'),
  (574, 293, NULL, 'INTEREST', 'CREDIT', 744.99, 0.0, 'INR', 'SYSTEM', 'POSTED', 'TXN20250523000574', '2025-05-23 06:53:13', 'Interest credit'),
  (575, 71, NULL, 'FEE', 'DEBIT', 201.39, 0.0, 'INR', 'SYSTEM', 'POSTED', 'TXN20241231000575', '2024-12-31 19:57:35', 'Bank fee/charge'),
  (576, 292, NULL, 'CARD', 'DEBIT', 1581.31, 0.0, 'INR', 'POS', 'POSTED', 'TXN20251002000576', '2025-10-02 12:55:04', 'Card purchase'),
  (577, 27, NULL, 'FEE', 'DEBIT', 152.36, 0.0, 'INR', 'SYSTEM', 'POSTED', 'TXN20240413000577', '2024-04-13 03:31:14', 'Bank fee/charge'),
  (578, 129, 200, 'TRANSFER', 'DEBIT', 52760.33, 8.96, 'INR', 'BRANCH', 'POSTED', 'TXN20240817000578', '2024-08-17 09:59:53', 'Transfer to acct 648174654358'),
  (579, 266, NULL, 'WITHDRAWAL', 'DEBIT', 46597.27, 34.95, 'INR', 'RTGS', 'POSTED', 'TXN20240317000579', '2024-03-17 17:36:15', 'Cash withdrawal'),
  (580, 299, NULL, 'CARD', 'DEBIT', 9430.15, 0.0, 'INR', 'POS', 'POSTED', 'TXN20250713000580', '2025-07-13 22:57:07', 'Card purchase'),
  (581, 103, 172, 'TRANSFER', 'DEBIT', 66607.7, 9.89, 'INR', 'BRANCH', 'POSTED', 'TXN20240203000581', '2024-02-03 10:26:16', 'Transfer to acct 343515062136'),
  (582, 32, NULL, 'WITHDRAWAL', 'DEBIT', 11857.3, 1.3, 'INR', 'NETBANKING', 'POSTED', 'TXN20241203000582', '2024-12-03 21:58:56', 'Cash withdrawal'),
  (583, 42, NULL, 'FEE', 'DEBIT', 222.44, 0.0, 'INR', 'SYSTEM', 'POSTED', 'TXN20241220000583', '2024-12-20 02:26:38', 'Bank fee/charge'),
  (584, 255, NULL, 'CARD', 'DEBIT', 10161.93, 0.0, 'INR', 'POS', 'POSTED', 'TXN20241004000584', '2024-10-04 23:02:06', 'Card purchase'),
  (585, 117, NULL, 'INTEREST', 'CREDIT', 20.28, 0.0, 'INR', 'SYSTEM', 'POSTED', 'TXN20250317000585', '2025-03-17 15:19:50', 'Interest credit'),
  (586, 195, NULL, 'DEPOSIT', 'CREDIT', 102322.99, 0.0, 'INR', 'BRANCH', 'POSTED', 'TXN20240719000586', '2024-07-19 17:38:55', 'Cash/cheque deposit'),
  (587, 194, NULL, 'INTEREST', 'CREDIT', 626.2, 0.0, 'INR', 'SYSTEM', 'POSTED', 'TXN20250719000587', '2025-07-19 15:03:24', 'Interest credit'),
  (588, 61, NULL, 'CARD', 'DEBIT', 17944.99, 0.0, 'INR', 'POS', 'POSTED', 'TXN20250716000588', '2025-07-16 04:07:28', 'Card purchase'),
  (589, 30, 122, 'TRANSFER', 'DEBIT', 17440.91, 25.67, 'INR', 'IMPS', 'POSTED', 'TXN20240717000589', '2024-07-17 10:27:58', 'Transfer to acct 707365190159'),
  (590, 8, NULL, 'WITHDRAWAL', 'DEBIT', 43675.46, 16.37, 'INR', 'POS', 'POSTED', 'TXN20250703000590', '2025-07-03 18:02:51', 'Cash withdrawal'),
  (591, 145, NULL, 'DEPOSIT', 'CREDIT', 6653.54, 0.0, 'INR', 'ATM', 'POSTED', 'TXN20240228000591', '2024-02-28 04:28:11', 'Cash/cheque deposit'),
  (592, 246, 63, 'TRANSFER', 'DEBIT', 49261.44, 9.41, 'INR', 'NEFT', 'POSTED', 'TXN20241026000592', '2024-10-26 04:38:25', 'Transfer to acct 424637554196'),
  (593, 183, NULL, 'FEE', 'DEBIT', 224.92, 0.0, 'INR', 'SYSTEM', 'POSTED', 'TXN20250521000593', '2025-05-21 22:47:52', 'Bank fee/charge'),
  (594, 150, NULL, 'WITHDRAWAL', 'DEBIT', 43461.65, 15.92, 'INR', 'MOBILE', 'POSTED', 'TXN20241105000594', '2024-11-05 11:49:35', 'Cash withdrawal'),
  (595, 178, 211, 'TRANSFER', 'DEBIT', 52927.35, 82.29, 'INR', 'IMPS', 'POSTED', 'TXN20250708000595', '2025-07-08 16:06:03', 'Transfer to acct 154440840533'),
  (596, 119, 157, 'TRANSFER', 'DEBIT', 55656.05, 29.33, 'INR', 'ATM', 'POSTED', 'TXN20240727000596', '2024-07-27 04:53:33', 'Transfer to acct 937505622295'),
  (597, 233, 59, 'TRANSFER', 'DEBIT', 1645.66, 3.44, 'INR', 'UPI', 'POSTED', 'TXN20240206000597', '2024-02-06 07:44:28', 'Transfer to acct 628745282829'),
  (598, 44, 31, 'TRANSFER', 'DEBIT', 20967.98, 31.96, 'INR', 'RTGS', 'POSTED', 'TXN20250825000598', '2025-08-25 12:19:52', 'Transfer to acct 454345080889'),
  (599, 115, NULL, 'CARD', 'DEBIT', 4130.49, 0.0, 'INR', 'POS', 'POSTED', 'TXN20250126000599', '2025-01-26 12:28:02', 'Card purchase'),
  (600, 17, NULL, 'WITHDRAWAL', 'DEBIT', 27123.3, 14.15, 'INR', 'POS', 'POSTED', 'TXN20250629000600', '2025-06-29 01:42:19', 'Cash withdrawal'),
  (601, 15, NULL, 'DEPOSIT', 'CREDIT', 51207.56, 0.0, 'INR', 'IMPS', 'POSTED', 'TXN20240925000601', '2024-09-25 18:13:48', 'Cash/cheque deposit'),
  (602, 30, NULL, 'FEE', 'DEBIT', 202.81, 0.0, 'INR', 'SYSTEM', 'POSTED', 'TXN20250313000602', '2025-03-13 23:59:47', 'Bank fee/charge'),
  (603, 238, NULL, 'FEE', 'DEBIT', 108.84, 0.0, 'INR', 'SYSTEM', 'POSTED', 'TXN20251125000603', '2025-11-25 09:54:34', 'Bank fee/charge'),
  (604, 122, NULL, 'INTEREST', 'CREDIT', 119.55, 0.0, 'INR', 'SYSTEM', 'POSTED', 'TXN20240923000604', '2024-09-23 05:24:29', 'Interest credit'),
  (605, 278, NULL, 'DEPOSIT', 'CREDIT', 44444.16, 0.0, 'INR', 'RTGS', 'POSTED', 'TXN20251129000605', '2025-11-29 08:05:15', 'Cash/cheque deposit'),
  (606, 138, NULL, 'FEE', 'DEBIT', 166.51, 0.0, 'INR', 'SYSTEM', 'POSTED', 'TXN20240209000606', '2024-02-09 19:17:23', 'Bank fee/charge'),
  (607, 165, NULL, 'INTEREST', 'CREDIT', 752.56, 0.0, 'INR', 'SYSTEM', 'POSTED', 'TXN20240507000607', '2024-05-07 09:36:42', 'Interest credit'),
  (608, 239, NULL, 'WITHDRAWAL', 'DEBIT', 280.18, 0.27, 'INR', 'MOBILE', 'POSTED', 'TXN20250418000608', '2025-04-18 00:28:00', 'Cash withdrawal'),
  (609, 142, NULL, 'FEE', 'DEBIT', 224.78, 0.0, 'INR', 'SYSTEM', 'POSTED', 'TXN20250222000609', '2025-02-22 01:37:05', 'Bank fee/charge'),
  (610, 142, NULL, 'FEE', 'DEBIT', 68.59, 0.0, 'INR', 'SYSTEM', 'POSTED', 'TXN20240306000610', '2024-03-06 14:11:16', 'Bank fee/charge'),
  (611, 26, NULL, 'CARD', 'DEBIT', 4668.8, 0.0, 'INR', 'POS', 'POSTED', 'TXN20240820000611', '2024-08-20 20:11:09', 'Card purchase'),
  (612, 226, NULL, 'INTEREST', 'CREDIT', 522.32, 0.0, 'INR', 'SYSTEM', 'POSTED', 'TXN20240707000612', '2024-07-07 21:32:55', 'Interest credit'),
  (613, 132, NULL, 'DEPOSIT', 'CREDIT', 2516.11, 0.0, 'INR', 'NETBANKING', 'POSTED', 'TXN20240821000613', '2024-08-21 01:45:16', 'Cash/cheque deposit'),
  (614, 56, 40, 'TRANSFER', 'DEBIT', 38045.0, 10.77, 'INR', 'NETBANKING', 'POSTED', 'TXN20240215000614', '2024-02-15 19:15:22', 'Transfer to acct 965347817151'),
  (615, 213, NULL, 'DEPOSIT', 'CREDIT', 10801.84, 0.0, 'INR', 'NEFT', 'POSTED', 'TXN20240727000615', '2024-07-27 10:36:23', 'Cash/cheque deposit'),
  (616, 185, NULL, 'CARD', 'DEBIT', 6713.02, 0.0, 'INR', 'POS', 'POSTED', 'TXN20240526000616', '2024-05-26 00:20:38', 'Card purchase'),
  (617, 83, NULL, 'CARD', 'DEBIT', 7378.67, 0.0, 'INR', 'POS', 'POSTED', 'TXN20250426000617', '2025-04-26 09:39:01', 'Card purchase'),
  (618, 109, 161, 'TRANSFER', 'DEBIT', 38334.17, 74.84, 'INR', 'UPI', 'POSTED', 'TXN20250828000618', '2025-08-28 00:06:38', 'Transfer to acct 943950547370'),
  (619, 17, NULL, 'FEE', 'DEBIT', 165.98, 0.0, 'INR', 'SYSTEM', 'POSTED', 'TXN20240808000619', '2024-08-08 12:53:37', 'Bank fee/charge'),
  (620, 115, NULL, 'WITHDRAWAL', 'DEBIT', 28313.58, 42.38, 'INR', 'POS', 'POSTED', 'TXN20251026000620', '2025-10-26 02:04:59', 'Cash withdrawal'),
  (621, 271, NULL, 'INTEREST', 'CREDIT', 718.59, 0.0, 'INR', 'SYSTEM', 'POSTED', 'TXN20250304000621', '2025-03-04 17:46:07', 'Interest credit'),
  (622, 163, NULL, 'FEE', 'DEBIT', 70.95, 0.0, 'INR', 'SYSTEM', 'POSTED', 'TXN20251106000622', '2025-11-06 16:33:28', 'Bank fee/charge'),
  (623, 186, NULL, 'FEE', 'DEBIT', 61.57, 0.0, 'INR', 'SYSTEM', 'POSTED', 'TXN20240906000623', '2024-09-06 10:15:51', 'Bank fee/charge'),
  (624, 210, 186, 'TRANSFER', 'DEBIT', 6022.77, 8.44, 'INR', 'ATM', 'POSTED', 'TXN20240903000624', '2024-09-03 14:46:56', 'Transfer to acct 303469606309'),
  (625, 230, NULL, 'DEPOSIT', 'CREDIT', 117966.99, 0.0, 'INR', 'IMPS', 'POSTED', 'TXN20251031000625', '2025-10-31 15:38:14', 'Cash/cheque deposit'),
  (626, 209, NULL, 'WITHDRAWAL', 'DEBIT', 33737.85, 33.7, 'INR', 'UPI', 'POSTED', 'TXN20250704000626', '2025-07-04 07:49:58', 'Cash withdrawal'),
  (627, 42, NULL, 'FEE', 'DEBIT', 105.08, 0.0, 'INR', 'SYSTEM', 'POSTED', 'TXN20241020000627', '2024-10-20 10:20:07', 'Bank fee/charge'),
  (628, 102, NULL, 'FEE', 'DEBIT', 225.47, 0.0, 'INR', 'SYSTEM', 'POSTED', 'TXN20250812000628', '2025-08-12 15:40:56', 'Bank fee/charge'),
  (629, 284, NULL, 'CARD', 'DEBIT', 14233.41, 0.0, 'INR', 'POS', 'POSTED', 'TXN20240619000629', '2024-06-19 03:26:16', 'Card purchase'),
  (630, 13, NULL, 'CARD', 'DEBIT', 13807.13, 0.0, 'INR', 'POS', 'POSTED', 'TXN20240509000630', '2024-05-09 01:53:27', 'Card purchase'),
  (631, 217, NULL, 'DEPOSIT', 'CREDIT', 53219.73, 0.0, 'INR', 'UPI', 'POSTED', 'TXN20250611000631', '2025-06-11 16:58:24', 'Cash/cheque deposit'),
  (632, 173, NULL, 'CARD', 'DEBIT', 6339.7, 0.0, 'INR', 'POS', 'POSTED', 'TXN20240904000632', '2024-09-04 22:18:07', 'Card purchase'),
  (633, 182, NULL, 'FEE', 'DEBIT', 237.73, 0.0, 'INR', 'SYSTEM', 'POSTED', 'TXN20240216000633', '2024-02-16 02:47:58', 'Bank fee/charge'),
  (634, 69, NULL, 'CARD', 'DEBIT', 14674.19, 0.0, 'INR', 'POS', 'POSTED', 'TXN20250322000634', '2025-03-22 09:48:30', 'Card purchase'),
  (635, 190, NULL, 'INTEREST', 'CREDIT', 606.84, 0.0, 'INR', 'SYSTEM', 'POSTED', 'TXN20240326000635', '2024-03-26 04:57:00', 'Interest credit'),
  (636, 144, NULL, 'CARD', 'DEBIT', 18896.47, 0.0, 'INR', 'POS', 'POSTED', 'TXN20241124000636', '2024-11-24 14:11:32', 'Card purchase'),
  (637, 266, NULL, 'DEPOSIT', 'CREDIT', 134605.51, 0.0, 'INR', 'NEFT', 'POSTED', 'TXN20241031000637', '2024-10-31 15:21:03', 'Cash/cheque deposit'),
  (638, 164, NULL, 'FEE', 'DEBIT', 190.54, 0.0, 'INR', 'SYSTEM', 'POSTED', 'TXN20250312000638', '2025-03-12 09:20:24', 'Bank fee/charge'),
  (639, 295, NULL, 'WITHDRAWAL', 'DEBIT', 43991.23, 20.74, 'INR', 'BRANCH', 'POSTED', 'TXN20240803000639', '2024-08-03 13:33:17', 'Cash withdrawal'),
  (640, 250, 225, 'TRANSFER', 'DEBIT', 16811.32, 7.12, 'INR', 'RTGS', 'POSTED', 'TXN20240618000640', '2024-06-18 03:18:17', 'Transfer to acct 477543023947'),
  (641, 50, 106, 'TRANSFER', 'DEBIT', 41434.65, 52.69, 'INR', 'ATM', 'POSTED', 'TXN20240825000641', '2024-08-25 21:17:09', 'Transfer to acct 247572868691'),
  (642, 276, NULL, 'WITHDRAWAL', 'DEBIT', 39969.7, 0.4, 'INR', 'BRANCH', 'POSTED', 'TXN20250904000642', '2025-09-04 01:57:34', 'Cash withdrawal'),
  (643, 228, NULL, 'DEPOSIT', 'CREDIT', 78181.99, 0.0, 'INR', 'IMPS', 'POSTED', 'TXN20240727000643', '2024-07-27 09:36:27', 'Cash/cheque deposit'),
  (644, 62, NULL, 'CARD', 'DEBIT', 8899.21, 0.0, 'INR', 'POS', 'POSTED', 'TXN20240422000644', '2024-04-22 22:45:58', 'Card purchase'),
  (645, 143, NULL, 'CARD', 'DEBIT', 14638.04, 0.0, 'INR', 'POS', 'POSTED', 'TXN20240926000645', '2024-09-26 02:55:08', 'Card purchase'),
  (646, 39, NULL, 'DEPOSIT', 'CREDIT', 49134.65, 0.0, 'INR', 'IMPS', 'POSTED', 'TXN20240321000646', '2024-03-21 23:50:14', 'Cash/cheque deposit'),
  (647, 263, NULL, 'FEE', 'DEBIT', 169.66, 0.0, 'INR', 'SYSTEM', 'POSTED', 'TXN20241009000647', '2024-10-09 14:40:47', 'Bank fee/charge'),
  (648, 267, NULL, 'DEPOSIT', 'CREDIT', 47697.33, 0.0, 'INR', 'IMPS', 'POSTED', 'TXN20240209000648', '2024-02-09 13:06:59', 'Cash/cheque deposit'),
  (649, 71, NULL, 'FEE', 'DEBIT', 148.65, 0.0, 'INR', 'SYSTEM', 'POSTED', 'TXN20251011000649', '2025-10-11 20:00:15', 'Bank fee/charge'),
  (650, 96, NULL, 'WITHDRAWAL', 'DEBIT', 36704.68, 15.56, 'INR', 'NEFT', 'POSTED', 'TXN20240928000650', '2024-09-28 15:09:31', 'Cash withdrawal'),
  (651, 2, NULL, 'WITHDRAWAL', 'DEBIT', 21772.51, 16.03, 'INR', 'ATM', 'POSTED', 'TXN20250612000651', '2025-06-12 23:47:13', 'Cash withdrawal'),
  (652, 135, NULL, 'FEE', 'DEBIT', 155.28, 0.0, 'INR', 'SYSTEM', 'POSTED', 'TXN20240701000652', '2024-07-01 01:26:44', 'Bank fee/charge'),
  (653, 93, NULL, 'INTEREST', 'CREDIT', 790.22, 0.0, 'INR', 'SYSTEM', 'POSTED', 'TXN20251015000653', '2025-10-15 11:30:33', 'Interest credit'),
  (654, 201, NULL, 'WITHDRAWAL', 'DEBIT', 29932.32, 24.4, 'INR', 'RTGS', 'POSTED', 'TXN20251115000654', '2025-11-15 15:31:50', 'Cash withdrawal'),
  (655, 148, 215, 'TRANSFER', 'DEBIT', 72703.69, 59.14, 'INR', 'ATM', 'POSTED', 'TXN20240812000655', '2024-08-12 03:56:57', 'Transfer to acct 363768724519'),
  (656, 59, NULL, 'INTEREST', 'CREDIT', 313.47, 0.0, 'INR', 'SYSTEM', 'POSTED', 'TXN20240428000656', '2024-04-28 05:29:20', 'Interest credit'),
  (657, 121, NULL, 'CARD', 'DEBIT', 598.67, 0.0, 'INR', 'POS', 'POSTED', 'TXN20250510000657', '2025-05-10 15:38:26', 'Card purchase'),
  (658, 166, 134, 'TRANSFER', 'DEBIT', 50640.43, 52.06, 'INR', 'NETBANKING', 'POSTED', 'TXN20240808000658', '2024-08-08 13:03:35', 'Transfer to acct 735212777188'),
  (659, 138, NULL, 'CARD', 'DEBIT', 21.56, 0.0, 'INR', 'POS', 'POSTED', 'TXN20250212000659', '2025-02-12 08:58:03', 'Card purchase'),
  (660, 294, NULL, 'INTEREST', 'CREDIT', 788.18, 0.0, 'INR', 'SYSTEM', 'POSTED', 'TXN20241111000660', '2024-11-11 14:26:14', 'Interest credit'),
  (661, 169, NULL, 'FEE', 'DEBIT', 36.66, 0.0, 'INR', 'SYSTEM', 'POSTED', 'TXN20251002000661', '2025-10-02 03:39:39', 'Bank fee/charge'),
  (662, 171, NULL, 'FEE', 'DEBIT', 228.5, 0.0, 'INR', 'SYSTEM', 'POSTED', 'TXN20240122000662', '2024-01-22 12:05:49', 'Bank fee/charge'),
  (663, 186, NULL, 'FEE', 'DEBIT', 136.19, 0.0, 'INR', 'SYSTEM', 'POSTED', 'TXN20251101000663', '2025-11-01 01:33:13', 'Bank fee/charge'),
  (664, 83, NULL, 'WITHDRAWAL', 'DEBIT', 3071.12, 0.99, 'INR', 'NETBANKING', 'POSTED', 'TXN20250209000664', '2025-02-09 22:14:18', 'Cash withdrawal'),
  (665, 270, NULL, 'INTEREST', 'CREDIT', 93.17, 0.0, 'INR', 'SYSTEM', 'POSTED', 'TXN20240114000665', '2024-01-14 01:54:01', 'Interest credit'),
  (666, 13, NULL, 'CARD', 'DEBIT', 4615.5, 0.0, 'INR', 'POS', 'POSTED', 'TXN20240213000666', '2024-02-13 05:18:19', 'Card purchase'),
  (667, 194, NULL, 'INTEREST', 'CREDIT', 590.09, 0.0, 'INR', 'SYSTEM', 'POSTED', 'TXN20240204000667', '2024-02-04 08:47:07', 'Interest credit'),
  (668, 213, NULL, 'WITHDRAWAL', 'DEBIT', 1105.69, 1.23, 'INR', 'RTGS', 'POSTED', 'TXN20240327000668', '2024-03-27 02:04:32', 'Cash withdrawal'),
  (669, 201, NULL, 'FEE', 'DEBIT', 52.6, 0.0, 'INR', 'SYSTEM', 'POSTED', 'TXN20240407000669', '2024-04-07 23:37:50', 'Bank fee/charge'),
  (670, 12, NULL, 'FEE', 'DEBIT', 79.03, 0.0, 'INR', 'SYSTEM', 'POSTED', 'TXN20241127000670', '2024-11-27 13:32:47', 'Bank fee/charge'),
  (671, 242, NULL, 'CARD', 'DEBIT', 7544.08, 0.0, 'INR', 'POS', 'POSTED', 'TXN20240412000671', '2024-04-12 08:41:36', 'Card purchase'),
  (672, 248, NULL, 'CARD', 'DEBIT', 5702.77, 0.0, 'INR', 'POS', 'POSTED', 'TXN20240815000672', '2024-08-15 13:35:17', 'Card purchase'),
  (673, 255, NULL, 'INTEREST', 'CREDIT', 655.07, 0.0, 'INR', 'SYSTEM', 'POSTED', 'TXN20250602000673', '2025-06-02 07:24:01', 'Interest credit'),
  (674, 13, 204, 'TRANSFER', 'DEBIT', 57851.87, 64.66, 'INR', 'NETBANKING', 'POSTED', 'TXN20240420000674', '2024-04-20 14:14:36', 'Transfer to acct 327713661752'),
  (675, 43, NULL, 'CARD', 'DEBIT', 1925.87, 0.0, 'INR', 'POS', 'POSTED', 'TXN20251020000675', '2025-10-20 09:21:09', 'Card purchase'),
  (676, 73, NULL, 'WITHDRAWAL', 'DEBIT', 20219.43, 25.42, 'INR', 'NEFT', 'POSTED', 'TXN20250516000676', '2025-05-16 18:15:05', 'Cash withdrawal'),
  (677, 160, NULL, 'FEE', 'DEBIT', 186.43, 0.0, 'INR', 'SYSTEM', 'POSTED', 'TXN20240301000677', '2024-03-01 15:16:26', 'Bank fee/charge'),
  (678, 209, NULL, 'WITHDRAWAL', 'DEBIT', 43584.25, 17.53, 'INR', 'BRANCH', 'POSTED', 'TXN20241125000678', '2024-11-25 22:36:38', 'Cash withdrawal'),
  (679, 121, NULL, 'WITHDRAWAL', 'DEBIT', 16159.71, 17.18, 'INR', 'NETBANKING', 'POSTED', 'TXN20250515000679', '2025-05-15 17:31:20', 'Cash withdrawal'),
  (680, 40, NULL, 'FEE', 'DEBIT', 97.04, 0.0, 'INR', 'SYSTEM', 'POSTED', 'TXN20240324000680', '2024-03-24 03:27:44', 'Bank fee/charge'),
  (681, 102, NULL, 'DEPOSIT', 'CREDIT', 65696.43, 0.0, 'INR', 'UPI', 'POSTED', 'TXN20250616000681', '2025-06-16 23:07:10', 'Cash/cheque deposit'),
  (682, 269, NULL, 'DEPOSIT', 'CREDIT', 73130.29, 0.0, 'INR', 'BRANCH', 'POSTED', 'TXN20250310000682', '2025-03-10 15:10:40', 'Cash/cheque deposit'),
  (683, 61, NULL, 'INTEREST', 'CREDIT', 392.5, 0.0, 'INR', 'SYSTEM', 'POSTED', 'TXN20250304000683', '2025-03-04 12:00:18', 'Interest credit'),
  (684, 191, 85, 'TRANSFER', 'DEBIT', 10656.74, 13.94, 'INR', 'RTGS', 'POSTED', 'TXN20250619000684', '2025-06-19 10:39:56', 'Transfer to acct 630794051725'),
  (685, 237, NULL, 'WITHDRAWAL', 'DEBIT', 10609.79, 5.25, 'INR', 'IMPS', 'POSTED', 'TXN20250615000685', '2025-06-15 19:16:30', 'Cash withdrawal'),
  (686, 243, NULL, 'INTEREST', 'CREDIT', 9.83, 0.0, 'INR', 'SYSTEM', 'POSTED', 'TXN20240617000686', '2024-06-17 16:45:53', 'Interest credit'),
  (687, 160, NULL, 'CARD', 'DEBIT', 14035.26, 0.0, 'INR', 'POS', 'POSTED', 'TXN20240602000687', '2024-06-02 15:04:00', 'Card purchase'),
  (688, 32, NULL, 'WITHDRAWAL', 'DEBIT', 31286.14, 27.9, 'INR', 'ATM', 'POSTED', 'TXN20250704000688', '2025-07-04 14:21:06', 'Cash withdrawal'),
  (689, 177, NULL, 'DEPOSIT', 'CREDIT', 94360.38, 0.0, 'INR', 'IMPS', 'POSTED', 'TXN20251013000689', '2025-10-13 17:56:14', 'Cash/cheque deposit'),
  (690, 157, NULL, 'WITHDRAWAL', 'DEBIT', 18427.01, 21.2, 'INR', 'RTGS', 'POSTED', 'TXN20241018000690', '2024-10-18 13:37:46', 'Cash withdrawal'),
  (691, 40, 79, 'TRANSFER', 'DEBIT', 7768.07, 4.2, 'INR', 'NETBANKING', 'POSTED', 'TXN20250708000691', '2025-07-08 20:42:12', 'Transfer to acct 363370116824'),
  (692, 268, NULL, 'WITHDRAWAL', 'DEBIT', 29407.12, 33.79, 'INR', 'RTGS', 'POSTED', 'TXN20250731000692', '2025-07-31 03:08:51', 'Cash withdrawal'),
  (693, 108, 87, 'TRANSFER', 'DEBIT', 250.18, 0.14, 'INR', 'RTGS', 'POSTED', 'TXN20250922000693', '2025-09-22 21:58:30', 'Transfer to acct 852867306229'),
  (694, 244, NULL, 'WITHDRAWAL', 'DEBIT', 43743.24, 21.22, 'INR', 'ATM', 'POSTED', 'TXN20250921000694', '2025-09-21 04:09:10', 'Cash withdrawal'),
  (695, 242, NULL, 'DEPOSIT', 'CREDIT', 49130.7, 0.0, 'INR', 'UPI', 'POSTED', 'TXN20250607000695', '2025-06-07 14:27:42', 'Cash/cheque deposit'),
  (696, 198, NULL, 'FEE', 'DEBIT', 178.03, 0.0, 'INR', 'SYSTEM', 'POSTED', 'TXN20240903000696', '2024-09-03 17:25:24', 'Bank fee/charge'),
  (697, 110, 143, 'TRANSFER', 'DEBIT', 53365.51, 112.05, 'INR', 'RTGS', 'POSTED', 'TXN20250618000697', '2025-06-18 10:33:05', 'Transfer to acct 826857189147'),
  (698, 62, NULL, 'FEE', 'DEBIT', 141.69, 0.0, 'INR', 'SYSTEM', 'POSTED', 'TXN20250516000698', '2025-05-16 22:50:16', 'Bank fee/charge'),
  (699, 239, NULL, 'CARD', 'DEBIT', 158.25, 0.0, 'INR', 'POS', 'POSTED', 'TXN20240701000699', '2024-07-01 00:55:23', 'Card purchase'),
  (700, 98, NULL, 'CARD', 'DEBIT', 7661.5, 0.0, 'INR', 'POS', 'POSTED', 'TXN20250923000700', '2025-09-23 17:56:58', 'Card purchase'),
  (701, 100, NULL, 'WITHDRAWAL', 'DEBIT', 380.17, 0.18, 'INR', 'BRANCH', 'POSTED', 'TXN20240719000701', '2024-07-19 14:23:33', 'Cash withdrawal'),
  (702, 140, NULL, 'DEPOSIT', 'CREDIT', 5125.88, 0.0, 'INR', 'IMPS', 'POSTED', 'TXN20240916000702', '2024-09-16 16:58:00', 'Cash/cheque deposit'),
  (703, 130, 141, 'TRANSFER', 'DEBIT', 46914.02, 113.9, 'INR', 'MOBILE', 'POSTED', 'TXN20250211000703', '2025-02-11 01:44:45', 'Transfer to acct 775946552945'),
  (704, 89, NULL, 'DEPOSIT', 'CREDIT', 71069.92, 0.0, 'INR', 'MOBILE', 'POSTED', 'TXN20250914000704', '2025-09-14 20:29:31', 'Cash/cheque deposit'),
  (705, 79, NULL, 'INTEREST', 'CREDIT', 635.37, 0.0, 'INR', 'SYSTEM', 'POSTED', 'TXN20240416000705', '2024-04-16 01:23:01', 'Interest credit'),
  (706, 62, NULL, 'WITHDRAWAL', 'DEBIT', 2896.79, 2.77, 'INR', 'UPI', 'POSTED', 'TXN20240325000706', '2024-03-25 13:53:54', 'Cash withdrawal'),
  (707, 100, NULL, 'DEPOSIT', 'CREDIT', 98300.27, 0.0, 'INR', 'IMPS', 'POSTED', 'TXN20240409000707', '2024-04-09 17:17:54', 'Cash/cheque deposit'),
  (708, 163, NULL, 'INTEREST', 'CREDIT', 808.07, 0.0, 'INR', 'SYSTEM', 'POSTED', 'TXN20241206000708', '2024-12-06 21:54:57', 'Interest credit'),
  (709, 214, NULL, 'WITHDRAWAL', 'DEBIT', 41902.06, 42.09, 'INR', 'IMPS', 'POSTED', 'TXN20250612000709', '2025-06-12 00:42:25', 'Cash withdrawal'),
  (710, 43, NULL, 'DEPOSIT', 'CREDIT', 25970.53, 0.0, 'INR', 'NEFT', 'POSTED', 'TXN20250528000710', '2025-05-28 04:46:17', 'Cash/cheque deposit'),
  (711, 210, NULL, 'DEPOSIT', 'CREDIT', 26027.94, 0.0, 'INR', 'RTGS', 'POSTED', 'TXN20250915000711', '2025-09-15 06:44:32', 'Cash/cheque deposit'),
  (712, 61, NULL, 'INTEREST', 'CREDIT', 307.97, 0.0, 'INR', 'SYSTEM', 'POSTED', 'TXN20241114000712', '2024-11-14 08:35:22', 'Interest credit'),
  (713, 47, NULL, 'FEE', 'DEBIT', 49.71, 0.0, 'INR', 'SYSTEM', 'POSTED', 'TXN20250802000713', '2025-08-02 14:05:07', 'Bank fee/charge'),
  (714, 87, NULL, 'DEPOSIT', 'CREDIT', 118331.63, 0.0, 'INR', 'UPI', 'POSTED', 'TXN20241121000714', '2024-11-21 18:40:01', 'Cash/cheque deposit'),
  (715, 127, NULL, 'WITHDRAWAL', 'DEBIT', 15458.34, 15.79, 'INR', 'IMPS', 'POSTED', 'TXN20250416000715', '2025-04-16 02:56:46', 'Cash withdrawal'),
  (716, 147, NULL, 'WITHDRAWAL', 'DEBIT', 8982.4, 1.89, 'INR', 'UPI', 'POSTED', 'TXN20241113000716', '2024-11-13 01:24:45', 'Cash withdrawal'),
  (717, 103, 91, 'TRANSFER', 'DEBIT', 73446.9, 47.62, 'INR', 'POS', 'POSTED', 'TXN20240819000717', '2024-08-19 06:17:56', 'Transfer to acct 855810403481'),
  (718, 187, NULL, 'CARD', 'DEBIT', 6990.21, 0.0, 'INR', 'POS', 'POSTED', 'TXN20240404000718', '2024-04-04 15:22:37', 'Card purchase'),
  (719, 88, NULL, 'INTEREST', 'CREDIT', 34.02, 0.0, 'INR', 'SYSTEM', 'POSTED', 'TXN20250405000719', '2025-04-05 20:43:53', 'Interest credit'),
  (720, 223, NULL, 'FEE', 'DEBIT', 90.0, 0.0, 'INR', 'SYSTEM', 'POSTED', 'TXN20240608000720', '2024-06-08 17:36:13', 'Bank fee/charge'),
  (721, 283, NULL, 'INTEREST', 'CREDIT', 747.04, 0.0, 'INR', 'SYSTEM', 'POSTED', 'TXN20240731000721', '2024-07-31 10:44:32', 'Interest credit'),
  (722, 240, 134, 'TRANSFER', 'DEBIT', 2407.03, 0.69, 'INR', 'ATM', 'POSTED', 'TXN20250609000722', '2025-06-09 06:16:13', 'Transfer to acct 735212777188'),
  (723, 166, NULL, 'INTEREST', 'CREDIT', 335.68, 0.0, 'INR', 'SYSTEM', 'POSTED', 'TXN20250501000723', '2025-05-01 04:29:37', 'Interest credit'),
  (724, 184, NULL, 'CARD', 'DEBIT', 17389.2, 0.0, 'INR', 'POS', 'POSTED', 'TXN20241126000724', '2024-11-26 22:06:40', 'Card purchase'),
  (725, 52, NULL, 'DEPOSIT', 'CREDIT', 28148.02, 0.0, 'INR', 'UPI', 'POSTED', 'TXN20250307000725', '2025-03-07 15:21:21', 'Cash/cheque deposit'),
  (726, 12, 225, 'TRANSFER', 'DEBIT', 60701.14, 69.27, 'INR', 'RTGS', 'POSTED', 'TXN20240615000726', '2024-06-15 14:34:11', 'Transfer to acct 477543023947'),
  (727, 130, NULL, 'FEE', 'DEBIT', 182.23, 0.0, 'INR', 'SYSTEM', 'POSTED', 'TXN20250212000727', '2025-02-12 15:53:15', 'Bank fee/charge'),
  (728, 21, NULL, 'FEE', 'DEBIT', 242.84, 0.0, 'INR', 'SYSTEM', 'POSTED', 'TXN20250509000728', '2025-05-09 21:25:19', 'Bank fee/charge'),
  (729, 138, NULL, 'WITHDRAWAL', 'DEBIT', 50.0, 0.0, 'INR', 'NETBANKING', 'POSTED', 'TXN20240420000729', '2024-04-20 13:27:49', 'Cash withdrawal'),
  (730, 102, NULL, 'FEE', 'DEBIT', 238.12, 0.0, 'INR', 'SYSTEM', 'POSTED', 'TXN20241103000730', '2024-11-03 19:44:33', 'Bank fee/charge'),
  (731, 28, NULL, 'FEE', 'DEBIT', 242.73, 0.0, 'INR', 'SYSTEM', 'POSTED', 'TXN20240513000731', '2024-05-13 21:21:50', 'Bank fee/charge'),
  (732, 236, 1, 'TRANSFER', 'DEBIT', 3470.04, 1.49, 'INR', 'UPI', 'POSTED', 'TXN20241220000732', '2024-12-20 14:25:10', 'Transfer to acct 532401134903'),
  (733, 224, 47, 'TRANSFER', 'DEBIT', 54323.87, 20.93, 'INR', 'ATM', 'POSTED', 'TXN20240708000733', '2024-07-08 07:54:13', 'Transfer to acct 670803108108'),
  (734, 52, NULL, 'FEE', 'DEBIT', 120.35, 0.0, 'INR', 'SYSTEM', 'POSTED', 'TXN20240106000734', '2024-01-06 15:10:22', 'Bank fee/charge'),
  (735, 238, NULL, 'INTEREST', 'CREDIT', 635.9, 0.0, 'INR', 'SYSTEM', 'POSTED', 'TXN20240805000735', '2024-08-05 15:42:24', 'Interest credit'),
  (736, 69, NULL, 'DEPOSIT', 'CREDIT', 60042.55, 0.0, 'INR', 'POS', 'POSTED', 'TXN20240511000736', '2024-05-11 10:48:59', 'Cash/cheque deposit'),
  (737, 202, 274, 'TRANSFER', 'DEBIT', 5420.68, 6.62, 'INR', 'RTGS', 'POSTED', 'TXN20251121000737', '2025-11-21 23:55:27', 'Transfer to acct 759651915458'),
  (738, 121, NULL, 'INTEREST', 'CREDIT', 332.85, 0.0, 'INR', 'SYSTEM', 'POSTED', 'TXN20240815000738', '2024-08-15 19:11:49', 'Interest credit'),
  (739, 204, 40, 'TRANSFER', 'DEBIT', 48436.02, 16.72, 'INR', 'NETBANKING', 'POSTED', 'TXN20240102000739', '2024-01-02 19:38:48', 'Transfer to acct 965347817151'),
  (740, 174, NULL, 'WITHDRAWAL', 'DEBIT', 19264.92, 5.2, 'INR', 'BRANCH', 'POSTED', 'TXN20240804000740', '2024-08-04 09:27:05', 'Cash withdrawal'),
  (741, 247, NULL, 'WITHDRAWAL', 'DEBIT', 1837.85, 2.64, 'INR', 'RTGS', 'POSTED', 'TXN20241114000741', '2024-11-14 12:43:52', 'Cash withdrawal'),
  (742, 55, NULL, 'CARD', 'DEBIT', 65.82, 0.0, 'INR', 'POS', 'POSTED', 'TXN20240616000742', '2024-06-16 12:43:33', 'Card purchase'),
  (743, 7, NULL, 'INTEREST', 'CREDIT', 145.63, 0.0, 'INR', 'SYSTEM', 'POSTED', 'TXN20251102000743', '2025-11-02 12:51:51', 'Interest credit'),
  (744, 249, NULL, 'WITHDRAWAL', 'DEBIT', 1898.66, 1.2, 'INR', 'NETBANKING', 'POSTED', 'TXN20250128000744', '2025-01-28 21:29:00', 'Cash withdrawal'),
  (745, 60, NULL, 'DEPOSIT', 'CREDIT', 90585.04, 0.0, 'INR', 'RTGS', 'POSTED', 'TXN20250311000745', '2025-03-11 08:47:40', 'Cash/cheque deposit'),
  (746, 274, NULL, 'CARD', 'DEBIT', 570.96, 0.0, 'INR', 'POS', 'POSTED', 'TXN20250116000746', '2025-01-16 15:45:21', 'Card purchase'),
  (747, 41, NULL, 'WITHDRAWAL', 'DEBIT', 7604.32, 3.85, 'INR', 'POS', 'POSTED', 'TXN20250628000747', '2025-06-28 12:55:43', 'Cash withdrawal'),
  (748, 233, NULL, 'INTEREST', 'CREDIT', 391.96, 0.0, 'INR', 'SYSTEM', 'POSTED', 'TXN20240721000748', '2024-07-21 16:52:39', 'Interest credit'),
  (749, 236, NULL, 'CARD', 'DEBIT', 7354.74, 0.0, 'INR', 'POS', 'POSTED', 'TXN20240210000749', '2024-02-10 03:55:31', 'Card purchase'),
  (750, 152, NULL, 'FEE', 'DEBIT', 192.87, 0.0, 'INR', 'SYSTEM', 'POSTED', 'TXN20240915000750', '2024-09-15 13:21:43', 'Bank fee/charge');

INSERT INTO bank_transactions (txn_id, account_id, counterparty_account_id, txn_type, direction, amount, fee, currency, channel, status, reference, booked_at, description) VALUES
  (751, 214, NULL, 'DEPOSIT', 'CREDIT', 2726.1, 0.0, 'INR', 'NETBANKING', 'POSTED', 'TXN20240930000751', '2024-09-30 05:18:22', 'Cash/cheque deposit'),
  (752, 183, 203, 'TRANSFER', 'DEBIT', 18684.57, 3.93, 'INR', 'RTGS', 'POSTED', 'TXN20251013000752', '2025-10-13 01:38:07', 'Transfer to acct 142078887182'),
  (753, 141, NULL, 'DEPOSIT', 'CREDIT', 51873.4, 0.0, 'INR', 'UPI', 'POSTED', 'TXN20240528000753', '2024-05-28 20:31:27', 'Cash/cheque deposit'),
  (754, 40, NULL, 'CARD', 'DEBIT', 6545.24, 0.0, 'INR', 'POS', 'POSTED', 'TXN20250620000754', '2025-06-20 18:29:02', 'Card purchase'),
  (755, 52, NULL, 'DEPOSIT', 'CREDIT', 57348.76, 0.0, 'INR', 'UPI', 'POSTED', 'TXN20250915000755', '2025-09-15 23:40:51', 'Cash/cheque deposit'),
  (756, 217, NULL, 'INTEREST', 'CREDIT', 361.26, 0.0, 'INR', 'SYSTEM', 'POSTED', 'TXN20241211000756', '2024-12-11 20:47:19', 'Interest credit'),
  (757, 222, NULL, 'WITHDRAWAL', 'DEBIT', 48261.49, 57.45, 'INR', 'RTGS', 'POSTED', 'TXN20251030000757', '2025-10-30 23:56:05', 'Cash withdrawal'),
  (758, 125, NULL, 'FEE', 'DEBIT', 175.09, 0.0, 'INR', 'SYSTEM', 'POSTED', 'TXN20241106000758', '2024-11-06 19:32:34', 'Bank fee/charge'),
  (759, 224, NULL, 'DEPOSIT', 'CREDIT', 41290.53, 0.0, 'INR', 'IMPS', 'POSTED', 'TXN20250810000759', '2025-08-10 15:13:48', 'Cash/cheque deposit'),
  (760, 205, NULL, 'INTEREST', 'CREDIT', 818.86, 0.0, 'INR', 'SYSTEM', 'POSTED', 'TXN20241010000760', '2024-10-10 16:42:02', 'Interest credit'),
  (761, 10, NULL, 'INTEREST', 'CREDIT', 704.06, 0.0, 'INR', 'SYSTEM', 'POSTED', 'TXN20241006000761', '2024-10-06 00:26:13', 'Interest credit'),
  (762, 163, NULL, 'INTEREST', 'CREDIT', 88.34, 0.0, 'INR', 'SYSTEM', 'POSTED', 'TXN20241008000762', '2024-10-08 08:29:38', 'Interest credit'),
  (763, 148, NULL, 'WITHDRAWAL', 'DEBIT', 36435.38, 33.3, 'INR', 'BRANCH', 'POSTED', 'TXN20241128000763', '2024-11-28 07:04:39', 'Cash withdrawal'),
  (764, 200, NULL, 'CARD', 'DEBIT', 9522.55, 0.0, 'INR', 'POS', 'POSTED', 'TXN20251012000764', '2025-10-12 19:21:34', 'Card purchase'),
  (765, 228, NULL, 'FEE', 'DEBIT', 42.19, 0.0, 'INR', 'SYSTEM', 'POSTED', 'TXN20241217000765', '2024-12-17 10:20:22', 'Bank fee/charge'),
  (766, 200, NULL, 'INTEREST', 'CREDIT', 230.87, 0.0, 'INR', 'SYSTEM', 'POSTED', 'TXN20240803000766', '2024-08-03 17:44:10', 'Interest credit'),
  (767, 43, NULL, 'DEPOSIT', 'CREDIT', 31211.93, 0.0, 'INR', 'ATM', 'POSTED', 'TXN20251008000767', '2025-10-08 15:35:22', 'Cash/cheque deposit'),
  (768, 232, NULL, 'FEE', 'DEBIT', 170.25, 0.0, 'INR', 'SYSTEM', 'POSTED', 'TXN20241107000768', '2024-11-07 09:48:20', 'Bank fee/charge'),
  (769, 181, NULL, 'DEPOSIT', 'CREDIT', 84777.38, 0.0, 'INR', 'UPI', 'POSTED', 'TXN20251001000769', '2025-10-01 18:10:39', 'Cash/cheque deposit'),
  (770, 121, NULL, 'CARD', 'DEBIT', 7518.18, 0.0, 'INR', 'POS', 'POSTED', 'TXN20241017000770', '2024-10-17 17:47:31', 'Card purchase'),
  (771, 50, NULL, 'FEE', 'DEBIT', 101.96, 0.0, 'INR', 'SYSTEM', 'POSTED', 'TXN20250122000771', '2025-01-22 19:54:07', 'Bank fee/charge'),
  (772, 82, NULL, 'WITHDRAWAL', 'DEBIT', 38367.04, 56.65, 'INR', 'ATM', 'POSTED', 'TXN20250807000772', '2025-08-07 09:11:55', 'Cash withdrawal'),
  (773, 215, NULL, 'CARD', 'DEBIT', 18011.17, 0.0, 'INR', 'POS', 'POSTED', 'TXN20250222000773', '2025-02-22 11:48:13', 'Card purchase'),
  (774, 163, 258, 'TRANSFER', 'DEBIT', 813.02, 1.75, 'INR', 'IMPS', 'POSTED', 'TXN20250106000774', '2025-01-06 20:06:42', 'Transfer to acct 873789051139'),
  (775, 91, NULL, 'CARD', 'DEBIT', 8013.09, 0.0, 'INR', 'POS', 'POSTED', 'TXN20241020000775', '2024-10-20 14:10:59', 'Card purchase'),
  (776, 51, NULL, 'DEPOSIT', 'CREDIT', 57564.68, 0.0, 'INR', 'NETBANKING', 'POSTED', 'TXN20241208000776', '2024-12-08 14:41:11', 'Cash/cheque deposit'),
  (777, 15, NULL, 'INTEREST', 'CREDIT', 557.37, 0.0, 'INR', 'SYSTEM', 'POSTED', 'TXN20250304000777', '2025-03-04 13:12:40', 'Interest credit'),
  (778, 210, NULL, 'WITHDRAWAL', 'DEBIT', 47279.9, 23.05, 'INR', 'NETBANKING', 'POSTED', 'TXN20240323000778', '2024-03-23 19:36:46', 'Cash withdrawal'),
  (779, 47, NULL, 'WITHDRAWAL', 'DEBIT', 47597.12, 1.62, 'INR', 'UPI', 'POSTED', 'TXN20250805000779', '2025-08-05 20:30:43', 'Cash withdrawal'),
  (780, 83, NULL, 'FEE', 'DEBIT', 117.15, 0.0, 'INR', 'SYSTEM', 'POSTED', 'TXN20250719000780', '2025-07-19 16:55:12', 'Bank fee/charge'),
  (781, 103, NULL, 'INTEREST', 'CREDIT', 291.13, 0.0, 'INR', 'SYSTEM', 'POSTED', 'TXN20240628000781', '2024-06-28 15:59:45', 'Interest credit'),
  (782, 236, 126, 'TRANSFER', 'DEBIT', 3184.47, 1.93, 'INR', 'ATM', 'POSTED', 'TXN20240201000782', '2024-02-01 06:36:29', 'Transfer to acct 660920645414'),
  (783, 170, NULL, 'WITHDRAWAL', 'DEBIT', 43617.06, 59.46, 'INR', 'MOBILE', 'POSTED', 'TXN20250527000783', '2025-05-27 20:07:51', 'Cash withdrawal'),
  (784, 209, NULL, 'WITHDRAWAL', 'DEBIT', 1586.76, 2.05, 'INR', 'MOBILE', 'POSTED', 'TXN20240312000784', '2024-03-12 00:47:02', 'Cash withdrawal'),
  (785, 274, NULL, 'DEPOSIT', 'CREDIT', 107243.16, 0.0, 'INR', 'POS', 'POSTED', 'TXN20240923000785', '2024-09-23 22:34:07', 'Cash/cheque deposit'),
  (786, 21, NULL, 'CARD', 'DEBIT', 7280.2, 0.0, 'INR', 'POS', 'POSTED', 'TXN20240302000786', '2024-03-02 09:51:25', 'Card purchase'),
  (787, 54, NULL, 'INTEREST', 'CREDIT', 132.24, 0.0, 'INR', 'SYSTEM', 'POSTED', 'TXN20251006000787', '2025-10-06 20:28:27', 'Interest credit'),
  (788, 174, 73, 'TRANSFER', 'DEBIT', 68477.45, 136.19, 'INR', 'ATM', 'POSTED', 'TXN20240622000788', '2024-06-22 11:26:42', 'Transfer to acct 955085394043'),
  (789, 38, NULL, 'WITHDRAWAL', 'DEBIT', 22966.28, 24.43, 'INR', 'RTGS', 'POSTED', 'TXN20240409000789', '2024-04-09 10:41:44', 'Cash withdrawal'),
  (790, 170, NULL, 'WITHDRAWAL', 'DEBIT', 39389.96, 41.33, 'INR', 'RTGS', 'POSTED', 'TXN20241216000790', '2024-12-16 09:44:28', 'Cash withdrawal'),
  (791, 76, NULL, 'FEE', 'DEBIT', 132.84, 0.0, 'INR', 'SYSTEM', 'POSTED', 'TXN20250831000791', '2025-08-31 01:48:08', 'Bank fee/charge'),
  (792, 150, NULL, 'DEPOSIT', 'CREDIT', 46068.74, 0.0, 'INR', 'NEFT', 'POSTED', 'TXN20250114000792', '2025-01-14 18:23:45', 'Cash/cheque deposit'),
  (793, 226, NULL, 'INTEREST', 'CREDIT', 606.28, 0.0, 'INR', 'SYSTEM', 'POSTED', 'TXN20250804000793', '2025-08-04 20:19:30', 'Interest credit'),
  (794, 197, NULL, 'WITHDRAWAL', 'DEBIT', 12939.56, 4.42, 'INR', 'UPI', 'POSTED', 'TXN20240530000794', '2024-05-30 19:18:54', 'Cash withdrawal'),
  (795, 187, NULL, 'WITHDRAWAL', 'DEBIT', 36084.85, 40.35, 'INR', 'RTGS', 'POSTED', 'TXN20240531000795', '2024-05-31 18:00:16', 'Cash withdrawal'),
  (796, 177, NULL, 'FEE', 'DEBIT', 162.74, 0.0, 'INR', 'SYSTEM', 'POSTED', 'TXN20250503000796', '2025-05-03 19:57:10', 'Bank fee/charge'),
  (797, 249, NULL, 'FEE', 'DEBIT', 163.85, 0.0, 'INR', 'SYSTEM', 'POSTED', 'TXN20241117000797', '2024-11-17 16:23:24', 'Bank fee/charge'),
  (798, 8, NULL, 'FEE', 'DEBIT', 168.84, 0.0, 'INR', 'SYSTEM', 'POSTED', 'TXN20240628000798', '2024-06-28 15:57:24', 'Bank fee/charge'),
  (799, 77, NULL, 'DEPOSIT', 'CREDIT', 41819.5, 0.0, 'INR', 'IMPS', 'POSTED', 'TXN20240818000799', '2024-08-18 09:13:14', 'Cash/cheque deposit'),
  (800, 236, NULL, 'INTEREST', 'CREDIT', 512.9, 0.0, 'INR', 'SYSTEM', 'POSTED', 'TXN20251027000800', '2025-10-27 06:22:31', 'Interest credit'),
  (801, 187, NULL, 'INTEREST', 'CREDIT', 598.16, 0.0, 'INR', 'SYSTEM', 'POSTED', 'TXN20250620000801', '2025-06-20 07:47:12', 'Interest credit'),
  (802, 284, NULL, 'CARD', 'DEBIT', 4768.0, 0.0, 'INR', 'POS', 'POSTED', 'TXN20241203000802', '2024-12-03 16:04:17', 'Card purchase'),
  (803, 127, NULL, 'FEE', 'DEBIT', 64.95, 0.0, 'INR', 'SYSTEM', 'POSTED', 'TXN20240227000803', '2024-02-27 14:36:33', 'Bank fee/charge'),
  (804, 234, NULL, 'INTEREST', 'CREDIT', 160.51, 0.0, 'INR', 'SYSTEM', 'POSTED', 'TXN20251028000804', '2025-10-28 07:14:44', 'Interest credit'),
  (805, 98, NULL, 'FEE', 'DEBIT', 184.67, 0.0, 'INR', 'SYSTEM', 'POSTED', 'TXN20250719000805', '2025-07-19 08:05:47', 'Bank fee/charge'),
  (806, 117, NULL, 'DEPOSIT', 'CREDIT', 36666.7, 0.0, 'INR', 'UPI', 'POSTED', 'TXN20250619000806', '2025-06-19 09:03:13', 'Cash/cheque deposit'),
  (807, 27, NULL, 'FEE', 'DEBIT', 83.12, 0.0, 'INR', 'SYSTEM', 'POSTED', 'TXN20250420000807', '2025-04-20 03:34:56', 'Bank fee/charge'),
  (808, 43, NULL, 'INTEREST', 'CREDIT', 428.96, 0.0, 'INR', 'SYSTEM', 'POSTED', 'TXN20240720000808', '2024-07-20 15:07:28', 'Interest credit'),
  (809, 154, NULL, 'DEPOSIT', 'CREDIT', 85442.46, 0.0, 'INR', 'NETBANKING', 'POSTED', 'TXN20250826000809', '2025-08-26 06:38:31', 'Cash/cheque deposit'),
  (810, 100, NULL, 'FEE', 'DEBIT', 149.29, 0.0, 'INR', 'SYSTEM', 'POSTED', 'TXN20240424000810', '2024-04-24 23:56:28', 'Bank fee/charge'),
  (811, 139, NULL, 'INTEREST', 'CREDIT', 443.85, 0.0, 'INR', 'SYSTEM', 'POSTED', 'TXN20240101000811', '2024-01-01 08:48:26', 'Interest credit'),
  (812, 154, NULL, 'WITHDRAWAL', 'DEBIT', 13283.58, 10.6, 'INR', 'IMPS', 'POSTED', 'TXN20250603000812', '2025-06-03 15:32:18', 'Cash withdrawal'),
  (813, 226, 58, 'TRANSFER', 'DEBIT', 73293.31, 173.28, 'INR', 'RTGS', 'POSTED', 'TXN20251125000813', '2025-11-25 17:32:19', 'Transfer to acct 604008868230'),
  (814, 84, NULL, 'CARD', 'DEBIT', 515.05, 0.0, 'INR', 'POS', 'POSTED', 'TXN20241122000814', '2024-11-22 16:30:31', 'Card purchase'),
  (815, 276, NULL, 'INTEREST', 'CREDIT', 740.48, 0.0, 'INR', 'SYSTEM', 'POSTED', 'TXN20240406000815', '2024-04-06 14:21:40', 'Interest credit'),
  (816, 157, NULL, 'WITHDRAWAL', 'DEBIT', 16068.79, 12.78, 'INR', 'ATM', 'POSTED', 'TXN20240825000816', '2024-08-25 06:19:32', 'Cash withdrawal'),
  (817, 80, NULL, 'DEPOSIT', 'CREDIT', 48632.44, 0.0, 'INR', 'RTGS', 'POSTED', 'TXN20250916000817', '2025-09-16 06:36:43', 'Cash/cheque deposit'),
  (818, 81, NULL, 'WITHDRAWAL', 'DEBIT', 16351.49, 12.67, 'INR', 'POS', 'POSTED', 'TXN20240624000818', '2024-06-24 05:39:42', 'Cash withdrawal'),
  (819, 242, NULL, 'CARD', 'DEBIT', 18687.91, 0.0, 'INR', 'POS', 'POSTED', 'TXN20241002000819', '2024-10-02 07:59:16', 'Card purchase'),
  (820, 182, 162, 'TRANSFER', 'DEBIT', 1447.76, 1.42, 'INR', 'IMPS', 'POSTED', 'TXN20240528000820', '2024-05-28 09:21:46', 'Transfer to acct 216832039810'),
  (821, 72, NULL, 'CARD', 'DEBIT', 19500.22, 0.0, 'INR', 'POS', 'POSTED', 'TXN20250217000821', '2025-02-17 01:26:22', 'Card purchase'),
  (822, 132, 192, 'TRANSFER', 'DEBIT', 1824.74, 1.95, 'INR', 'BRANCH', 'POSTED', 'TXN20240726000822', '2024-07-26 06:42:45', 'Transfer to acct 596954459667'),
  (823, 111, NULL, 'CARD', 'DEBIT', 12358.77, 0.0, 'INR', 'POS', 'POSTED', 'TXN20250725000823', '2025-07-25 17:47:12', 'Card purchase'),
  (824, 167, NULL, 'CARD', 'DEBIT', 14462.53, 0.0, 'INR', 'POS', 'POSTED', 'TXN20240419000824', '2024-04-19 02:15:10', 'Card purchase'),
  (825, 250, NULL, 'INTEREST', 'CREDIT', 225.61, 0.0, 'INR', 'SYSTEM', 'POSTED', 'TXN20240217000825', '2024-02-17 21:24:44', 'Interest credit'),
  (826, 176, NULL, 'FEE', 'DEBIT', 72.63, 0.0, 'INR', 'SYSTEM', 'POSTED', 'TXN20240301000826', '2024-03-01 03:03:40', 'Bank fee/charge'),
  (827, 38, 167, 'TRANSFER', 'DEBIT', 16899.77, 34.83, 'INR', 'MOBILE', 'POSTED', 'TXN20241018000827', '2024-10-18 03:30:08', 'Transfer to acct 699419142236'),
  (828, 225, NULL, 'WITHDRAWAL', 'DEBIT', 12336.81, 10.6, 'INR', 'RTGS', 'POSTED', 'TXN20250810000828', '2025-08-10 06:35:05', 'Cash withdrawal'),
  (829, 12, NULL, 'INTEREST', 'CREDIT', 127.28, 0.0, 'INR', 'SYSTEM', 'POSTED', 'TXN20250724000829', '2025-07-24 16:52:18', 'Interest credit'),
  (830, 110, NULL, 'DEPOSIT', 'CREDIT', 27702.59, 0.0, 'INR', 'IMPS', 'POSTED', 'TXN20250104000830', '2025-01-04 14:47:56', 'Cash/cheque deposit'),
  (831, 133, NULL, 'CARD', 'DEBIT', 5122.05, 0.0, 'INR', 'POS', 'POSTED', 'TXN20250416000831', '2025-04-16 11:21:12', 'Card purchase'),
  (832, 219, NULL, 'INTEREST', 'CREDIT', 357.28, 0.0, 'INR', 'SYSTEM', 'POSTED', 'TXN20240523000832', '2024-05-23 03:41:26', 'Interest credit'),
  (833, 192, NULL, 'CARD', 'DEBIT', 343.7, 0.0, 'INR', 'POS', 'POSTED', 'TXN20250625000833', '2025-06-25 01:58:32', 'Card purchase'),
  (834, 252, NULL, 'CARD', 'DEBIT', 5667.28, 0.0, 'INR', 'POS', 'POSTED', 'TXN20250531000834', '2025-05-31 10:50:34', 'Card purchase'),
  (835, 58, 82, 'TRANSFER', 'DEBIT', 59904.39, 126.74, 'INR', 'ATM', 'POSTED', 'TXN20240318000835', '2024-03-18 18:05:35', 'Transfer to acct 887539353371'),
  (836, 38, NULL, 'DEPOSIT', 'CREDIT', 115090.58, 0.0, 'INR', 'MOBILE', 'POSTED', 'TXN20250916000836', '2025-09-16 20:12:48', 'Cash/cheque deposit'),
  (837, 78, NULL, 'CARD', 'DEBIT', 13015.87, 0.0, 'INR', 'POS', 'POSTED', 'TXN20250421000837', '2025-04-21 14:56:56', 'Card purchase'),
  (838, 271, NULL, 'DEPOSIT', 'CREDIT', 117188.83, 0.0, 'INR', 'UPI', 'POSTED', 'TXN20251025000838', '2025-10-25 18:21:29', 'Cash/cheque deposit'),
  (839, 4, NULL, 'INTEREST', 'CREDIT', 561.7, 0.0, 'INR', 'SYSTEM', 'POSTED', 'TXN20240122000839', '2024-01-22 12:36:18', 'Interest credit'),
  (840, 78, NULL, 'CARD', 'DEBIT', 5191.88, 0.0, 'INR', 'POS', 'POSTED', 'TXN20240109000840', '2024-01-09 07:20:27', 'Card purchase'),
  (841, 103, NULL, 'WITHDRAWAL', 'DEBIT', 5593.17, 2.98, 'INR', 'IMPS', 'POSTED', 'TXN20250629000841', '2025-06-29 14:41:42', 'Cash withdrawal'),
  (842, 93, NULL, 'INTEREST', 'CREDIT', 91.71, 0.0, 'INR', 'SYSTEM', 'POSTED', 'TXN20240712000842', '2024-07-12 04:13:19', 'Interest credit'),
  (843, 168, NULL, 'FEE', 'DEBIT', 218.29, 0.0, 'INR', 'SYSTEM', 'POSTED', 'TXN20240510000843', '2024-05-10 17:22:04', 'Bank fee/charge'),
  (844, 139, NULL, 'WITHDRAWAL', 'DEBIT', 11725.64, 16.18, 'INR', 'NEFT', 'POSTED', 'TXN20240725000844', '2024-07-25 09:10:27', 'Cash withdrawal'),
  (845, 193, 14, 'TRANSFER', 'DEBIT', 33324.24, 61.98, 'INR', 'BRANCH', 'POSTED', 'TXN20240520000845', '2024-05-20 14:07:53', 'Transfer to acct 598714364924'),
  (846, 205, NULL, 'INTEREST', 'CREDIT', 179.58, 0.0, 'INR', 'SYSTEM', 'POSTED', 'TXN20250124000846', '2025-01-24 01:28:28', 'Interest credit'),
  (847, 297, NULL, 'CARD', 'DEBIT', 14495.88, 0.0, 'INR', 'POS', 'POSTED', 'TXN20240405000847', '2024-04-05 05:32:58', 'Card purchase'),
  (848, 184, NULL, 'DEPOSIT', 'CREDIT', 112477.42, 0.0, 'INR', 'UPI', 'POSTED', 'TXN20240802000848', '2024-08-02 03:31:47', 'Cash/cheque deposit'),
  (849, 260, 185, 'TRANSFER', 'DEBIT', 35874.52, 45.63, 'INR', 'POS', 'POSTED', 'TXN20240714000849', '2024-07-14 06:05:51', 'Transfer to acct 776938306428'),
  (850, 205, NULL, 'CARD', 'DEBIT', 19232.14, 0.0, 'INR', 'POS', 'POSTED', 'TXN20240108000850', '2024-01-08 12:51:26', 'Card purchase'),
  (851, 223, NULL, 'DEPOSIT', 'CREDIT', 141896.5, 0.0, 'INR', 'IMPS', 'POSTED', 'TXN20250104000851', '2025-01-04 09:53:04', 'Cash/cheque deposit'),
  (852, 200, NULL, 'INTEREST', 'CREDIT', 788.47, 0.0, 'INR', 'SYSTEM', 'POSTED', 'TXN20240822000852', '2024-08-22 22:05:41', 'Interest credit'),
  (853, 128, NULL, 'DEPOSIT', 'CREDIT', 26686.02, 0.0, 'INR', 'RTGS', 'POSTED', 'TXN20251024000853', '2025-10-24 10:02:09', 'Cash/cheque deposit'),
  (854, 241, NULL, 'DEPOSIT', 'CREDIT', 114366.95, 0.0, 'INR', 'UPI', 'POSTED', 'TXN20250615000854', '2025-06-15 04:08:44', 'Cash/cheque deposit'),
  (855, 213, NULL, 'DEPOSIT', 'CREDIT', 123505.28, 0.0, 'INR', 'NEFT', 'POSTED', 'TXN20251107000855', '2025-11-07 09:23:39', 'Cash/cheque deposit'),
  (856, 93, NULL, 'CARD', 'DEBIT', 7314.06, 0.0, 'INR', 'POS', 'POSTED', 'TXN20240627000856', '2024-06-27 16:09:47', 'Card purchase'),
  (857, 207, NULL, 'DEPOSIT', 'CREDIT', 93834.34, 0.0, 'INR', 'UPI', 'POSTED', 'TXN20240131000857', '2024-01-31 15:13:19', 'Cash/cheque deposit'),
  (858, 241, 18, 'TRANSFER', 'DEBIT', 55134.57, 19.9, 'INR', 'IMPS', 'POSTED', 'TXN20240130000858', '2024-01-30 00:21:01', 'Transfer to acct 142337576544'),
  (859, 269, NULL, 'CARD', 'DEBIT', 3411.41, 0.0, 'INR', 'POS', 'POSTED', 'TXN20250706000859', '2025-07-06 12:48:38', 'Card purchase'),
  (860, 34, NULL, 'DEPOSIT', 'CREDIT', 16950.35, 0.0, 'INR', 'BRANCH', 'POSTED', 'TXN20241223000860', '2024-12-23 07:05:26', 'Cash/cheque deposit'),
  (861, 1, NULL, 'CARD', 'DEBIT', 6242.39, 0.0, 'INR', 'POS', 'POSTED', 'TXN20250301000861', '2025-03-01 17:28:08', 'Card purchase'),
  (862, 188, NULL, 'CARD', 'DEBIT', 19138.97, 0.0, 'INR', 'POS', 'POSTED', 'TXN20240511000862', '2024-05-11 10:42:34', 'Card purchase'),
  (863, 293, NULL, 'INTEREST', 'CREDIT', 177.46, 0.0, 'INR', 'SYSTEM', 'POSTED', 'TXN20250504000863', '2025-05-04 15:47:53', 'Interest credit'),
  (864, 43, NULL, 'WITHDRAWAL', 'DEBIT', 37184.94, 40.01, 'INR', 'NETBANKING', 'POSTED', 'TXN20240512000864', '2024-05-12 04:14:42', 'Cash withdrawal'),
  (865, 155, 169, 'TRANSFER', 'DEBIT', 53299.01, 61.58, 'INR', 'ATM', 'POSTED', 'TXN20240912000865', '2024-09-12 07:16:11', 'Transfer to acct 250994330284'),
  (866, 68, NULL, 'FEE', 'DEBIT', 85.35, 0.0, 'INR', 'SYSTEM', 'POSTED', 'TXN20250613000866', '2025-06-13 18:56:17', 'Bank fee/charge'),
  (867, 18, 198, 'TRANSFER', 'DEBIT', 47409.42, 94.13, 'INR', 'UPI', 'POSTED', 'TXN20250816000867', '2025-08-16 23:59:54', 'Transfer to acct 704917408719'),
  (868, 122, NULL, 'WITHDRAWAL', 'DEBIT', 8178.07, 3.96, 'INR', 'BRANCH', 'POSTED', 'TXN20240526000868', '2024-05-26 20:02:53', 'Cash withdrawal'),
  (869, 296, NULL, 'FEE', 'DEBIT', 104.39, 0.0, 'INR', 'SYSTEM', 'POSTED', 'TXN20250510000869', '2025-05-10 11:12:40', 'Bank fee/charge'),
  (870, 61, NULL, 'WITHDRAWAL', 'DEBIT', 37273.53, 36.65, 'INR', 'MOBILE', 'POSTED', 'TXN20250928000870', '2025-09-28 08:34:28', 'Cash withdrawal'),
  (871, 250, NULL, 'FEE', 'DEBIT', 194.14, 0.0, 'INR', 'SYSTEM', 'POSTED', 'TXN20241211000871', '2024-12-11 05:16:21', 'Bank fee/charge'),
  (872, 135, NULL, 'CARD', 'DEBIT', 1281.09, 0.0, 'INR', 'POS', 'POSTED', 'TXN20251115000872', '2025-11-15 10:48:33', 'Card purchase'),
  (873, 49, 117, 'TRANSFER', 'DEBIT', 73132.84, 151.76, 'INR', 'POS', 'POSTED', 'TXN20251019000873', '2025-10-19 00:34:08', 'Transfer to acct 319114468059'),
  (874, 158, NULL, 'DEPOSIT', 'CREDIT', 67939.47, 0.0, 'INR', 'NETBANKING', 'POSTED', 'TXN20241029000874', '2024-10-29 04:55:22', 'Cash/cheque deposit'),
  (875, 262, NULL, 'FEE', 'DEBIT', 52.75, 0.0, 'INR', 'SYSTEM', 'POSTED', 'TXN20250531000875', '2025-05-31 05:25:52', 'Bank fee/charge'),
  (876, 182, NULL, 'INTEREST', 'CREDIT', 473.49, 0.0, 'INR', 'SYSTEM', 'POSTED', 'TXN20240118000876', '2024-01-18 06:46:47', 'Interest credit'),
  (877, 186, NULL, 'WITHDRAWAL', 'DEBIT', 27018.91, 28.11, 'INR', 'NETBANKING', 'POSTED', 'TXN20250621000877', '2025-06-21 01:51:34', 'Cash withdrawal'),
  (878, 85, NULL, 'FEE', 'DEBIT', 160.55, 0.0, 'INR', 'SYSTEM', 'POSTED', 'TXN20250118000878', '2025-01-18 05:06:43', 'Bank fee/charge'),
  (879, 104, NULL, 'FEE', 'DEBIT', 73.21, 0.0, 'INR', 'SYSTEM', 'POSTED', 'TXN20240604000879', '2024-06-04 17:39:27', 'Bank fee/charge'),
  (880, 244, NULL, 'CARD', 'DEBIT', 9370.72, 0.0, 'INR', 'POS', 'POSTED', 'TXN20250203000880', '2025-02-03 16:26:57', 'Card purchase'),
  (881, 285, NULL, 'WITHDRAWAL', 'DEBIT', 33439.2, 10.47, 'INR', 'RTGS', 'POSTED', 'TXN20240101000881', '2024-01-01 02:16:45', 'Cash withdrawal'),
  (882, 247, NULL, 'INTEREST', 'CREDIT', 740.37, 0.0, 'INR', 'SYSTEM', 'POSTED', 'TXN20240301000882', '2024-03-01 13:08:09', 'Interest credit'),
  (883, 100, NULL, 'WITHDRAWAL', 'DEBIT', 12503.81, 6.57, 'INR', 'POS', 'POSTED', 'TXN20240612000883', '2024-06-12 20:26:25', 'Cash withdrawal'),
  (884, 300, NULL, 'WITHDRAWAL', 'DEBIT', 47222.62, 10.76, 'INR', 'RTGS', 'POSTED', 'TXN20240523000884', '2024-05-23 12:07:46', 'Cash withdrawal'),
  (885, 6, NULL, 'CARD', 'DEBIT', 12742.4, 0.0, 'INR', 'POS', 'POSTED', 'TXN20251119000885', '2025-11-19 08:48:20', 'Card purchase'),
  (886, 242, NULL, 'FEE', 'DEBIT', 61.88, 0.0, 'INR', 'SYSTEM', 'POSTED', 'TXN20250620000886', '2025-06-20 03:49:40', 'Bank fee/charge'),
  (887, 233, NULL, 'CARD', 'DEBIT', 3090.46, 0.0, 'INR', 'POS', 'POSTED', 'TXN20240507000887', '2024-05-07 17:47:39', 'Card purchase'),
  (888, 131, NULL, 'INTEREST', 'CREDIT', 102.44, 0.0, 'INR', 'SYSTEM', 'POSTED', 'TXN20241005000888', '2024-10-05 01:24:53', 'Interest credit'),
  (889, 250, NULL, 'CARD', 'DEBIT', 15174.02, 0.0, 'INR', 'POS', 'POSTED', 'TXN20250822000889', '2025-08-22 05:56:45', 'Card purchase'),
  (890, 186, NULL, 'WITHDRAWAL', 'DEBIT', 12140.5, 15.48, 'INR', 'NETBANKING', 'POSTED', 'TXN20240415000890', '2024-04-15 02:46:38', 'Cash withdrawal'),
  (891, 144, NULL, 'CARD', 'DEBIT', 16849.65, 0.0, 'INR', 'POS', 'POSTED', 'TXN20250307000891', '2025-03-07 01:40:06', 'Card purchase'),
  (892, 215, NULL, 'INTEREST', 'CREDIT', 600.61, 0.0, 'INR', 'SYSTEM', 'POSTED', 'TXN20240914000892', '2024-09-14 20:32:21', 'Interest credit'),
  (893, 249, 125, 'TRANSFER', 'DEBIT', 573.09, 0.62, 'INR', 'IMPS', 'POSTED', 'TXN20240326000893', '2024-03-26 00:06:45', 'Transfer to acct 776030622033'),
  (894, 290, 193, 'TRANSFER', 'DEBIT', 45516.76, 99.04, 'INR', 'ATM', 'POSTED', 'TXN20250514000894', '2025-05-14 17:38:53', 'Transfer to acct 276738289659'),
  (895, 51, NULL, 'INTEREST', 'CREDIT', 518.49, 0.0, 'INR', 'SYSTEM', 'POSTED', 'TXN20240213000895', '2024-02-13 19:06:37', 'Interest credit'),
  (896, 216, NULL, 'DEPOSIT', 'CREDIT', 122311.0, 0.0, 'INR', 'NEFT', 'POSTED', 'TXN20250104000896', '2025-01-04 18:43:45', 'Cash/cheque deposit'),
  (897, 236, NULL, 'INTEREST', 'CREDIT', 516.44, 0.0, 'INR', 'SYSTEM', 'POSTED', 'TXN20241221000897', '2024-12-21 20:50:28', 'Interest credit'),
  (898, 222, NULL, 'FEE', 'DEBIT', 168.92, 0.0, 'INR', 'SYSTEM', 'POSTED', 'TXN20250212000898', '2025-02-12 20:47:49', 'Bank fee/charge'),
  (899, 169, NULL, 'DEPOSIT', 'CREDIT', 14910.75, 0.0, 'INR', 'NEFT', 'POSTED', 'TXN20250803000899', '2025-08-03 05:01:40', 'Cash/cheque deposit'),
  (900, 177, NULL, 'CARD', 'DEBIT', 7060.52, 0.0, 'INR', 'POS', 'POSTED', 'TXN20250412000900', '2025-04-12 08:22:52', 'Card purchase'),
  (901, 135, NULL, 'WITHDRAWAL', 'DEBIT', 38453.7, 9.26, 'INR', 'RTGS', 'POSTED', 'TXN20250401000901', '2025-04-01 01:20:29', 'Cash withdrawal'),
  (902, 179, NULL, 'FEE', 'DEBIT', 196.34, 0.0, 'INR', 'SYSTEM', 'POSTED', 'TXN20251025000902', '2025-10-25 10:47:25', 'Bank fee/charge'),
  (903, 276, NULL, 'WITHDRAWAL', 'DEBIT', 37018.98, 46.43, 'INR', 'MOBILE', 'POSTED', 'TXN20240401000903', '2024-04-01 10:22:39', 'Cash withdrawal'),
  (904, 47, NULL, 'WITHDRAWAL', 'DEBIT', 32008.64, 15.02, 'INR', 'IMPS', 'POSTED', 'TXN20241109000904', '2024-11-09 03:58:46', 'Cash withdrawal'),
  (905, 249, NULL, 'CARD', 'DEBIT', 901.35, 0.0, 'INR', 'POS', 'POSTED', 'TXN20250126000905', '2025-01-26 06:16:54', 'Card purchase'),
  (906, 98, 159, 'TRANSFER', 'DEBIT', 68166.83, 119.33, 'INR', 'UPI', 'POSTED', 'TXN20240621000906', '2024-06-21 10:01:07', 'Transfer to acct 697802009830'),
  (907, 39, NULL, 'FEE', 'DEBIT', 53.66, 0.0, 'INR', 'SYSTEM', 'POSTED', 'TXN20250727000907', '2025-07-27 17:11:25', 'Bank fee/charge'),
  (908, 182, NULL, 'DEPOSIT', 'CREDIT', 59573.84, 0.0, 'INR', 'POS', 'POSTED', 'TXN20240926000908', '2024-09-26 04:45:21', 'Cash/cheque deposit'),
  (909, 166, NULL, 'CARD', 'DEBIT', 19988.79, 0.0, 'INR', 'POS', 'POSTED', 'TXN20241027000909', '2024-10-27 19:36:05', 'Card purchase'),
  (910, 141, NULL, 'CARD', 'DEBIT', 546.66, 0.0, 'INR', 'POS', 'POSTED', 'TXN20240908000910', '2024-09-08 17:09:42', 'Card purchase'),
  (911, 111, NULL, 'WITHDRAWAL', 'DEBIT', 7354.3, 3.27, 'INR', 'NEFT', 'POSTED', 'TXN20240908000911', '2024-09-08 07:28:41', 'Cash withdrawal'),
  (912, 291, NULL, 'DEPOSIT', 'CREDIT', 28916.64, 0.0, 'INR', 'MOBILE', 'POSTED', 'TXN20250325000912', '2025-03-25 13:35:35', 'Cash/cheque deposit'),
  (913, 199, NULL, 'WITHDRAWAL', 'DEBIT', 37364.96, 39.61, 'INR', 'NETBANKING', 'POSTED', 'TXN20250817000913', '2025-08-17 12:40:36', 'Cash withdrawal'),
  (914, 121, 164, 'TRANSFER', 'DEBIT', 40550.66, 7.81, 'INR', 'RTGS', 'POSTED', 'TXN20250317000914', '2025-03-17 11:23:57', 'Transfer to acct 180463207281'),
  (915, 276, NULL, 'INTEREST', 'CREDIT', 521.48, 0.0, 'INR', 'SYSTEM', 'POSTED', 'TXN20241125000915', '2024-11-25 22:15:50', 'Interest credit'),
  (916, 117, NULL, 'DEPOSIT', 'CREDIT', 108043.93, 0.0, 'INR', 'NETBANKING', 'POSTED', 'TXN20250502000916', '2025-05-02 17:20:06', 'Cash/cheque deposit'),
  (917, 28, NULL, 'INTEREST', 'CREDIT', 414.75, 0.0, 'INR', 'SYSTEM', 'POSTED', 'TXN20240817000917', '2024-08-17 14:17:36', 'Interest credit'),
  (918, 12, NULL, 'CARD', 'DEBIT', 11207.98, 0.0, 'INR', 'POS', 'POSTED', 'TXN20250828000918', '2025-08-28 13:04:10', 'Card purchase'),
  (919, 76, NULL, 'FEE', 'DEBIT', 20.63, 0.0, 'INR', 'SYSTEM', 'POSTED', 'TXN20241221000919', '2024-12-21 15:55:45', 'Bank fee/charge'),
  (920, 15, 252, 'TRANSFER', 'DEBIT', 32340.71, 61.8, 'INR', 'ATM', 'POSTED', 'TXN20241009000920', '2024-10-09 18:16:57', 'Transfer to acct 358119220029'),
  (921, 276, NULL, 'WITHDRAWAL', 'DEBIT', 3484.75, 1.22, 'INR', 'POS', 'POSTED', 'TXN20240808000921', '2024-08-08 21:28:19', 'Cash withdrawal'),
  (922, 162, NULL, 'FEE', 'DEBIT', 216.37, 0.0, 'INR', 'SYSTEM', 'POSTED', 'TXN20240527000922', '2024-05-27 17:43:37', 'Bank fee/charge'),
  (923, 37, NULL, 'FEE', 'DEBIT', 155.39, 0.0, 'INR', 'SYSTEM', 'POSTED', 'TXN20250101000923', '2025-01-01 18:07:49', 'Bank fee/charge'),
  (924, 92, NULL, 'FEE', 'DEBIT', 209.76, 0.0, 'INR', 'SYSTEM', 'POSTED', 'TXN20240614000924', '2024-06-14 23:12:15', 'Bank fee/charge'),
  (925, 207, NULL, 'DEPOSIT', 'CREDIT', 86143.03, 0.0, 'INR', 'MOBILE', 'POSTED', 'TXN20240502000925', '2024-05-02 10:05:06', 'Cash/cheque deposit'),
  (926, 71, NULL, 'INTEREST', 'CREDIT', 762.69, 0.0, 'INR', 'SYSTEM', 'POSTED', 'TXN20250221000926', '2025-02-21 12:44:30', 'Interest credit'),
  (927, 221, NULL, 'WITHDRAWAL', 'DEBIT', 43965.32, 32.95, 'INR', 'ATM', 'POSTED', 'TXN20241114000927', '2024-11-14 11:11:45', 'Cash withdrawal'),
  (928, 42, NULL, 'WITHDRAWAL', 'DEBIT', 17052.04, 19.23, 'INR', 'RTGS', 'POSTED', 'TXN20250215000928', '2025-02-15 06:14:22', 'Cash withdrawal'),
  (929, 31, NULL, 'FEE', 'DEBIT', 172.26, 0.0, 'INR', 'SYSTEM', 'POSTED', 'TXN20240121000929', '2024-01-21 19:03:35', 'Bank fee/charge'),
  (930, 168, NULL, 'DEPOSIT', 'CREDIT', 57774.55, 0.0, 'INR', 'UPI', 'POSTED', 'TXN20240102000930', '2024-01-02 16:00:00', 'Cash/cheque deposit'),
  (931, 256, NULL, 'DEPOSIT', 'CREDIT', 27349.83, 0.0, 'INR', 'IMPS', 'POSTED', 'TXN20240312000931', '2024-03-12 05:12:40', 'Cash/cheque deposit'),
  (932, 192, NULL, 'WITHDRAWAL', 'DEBIT', 11158.32, 11.82, 'INR', 'IMPS', 'POSTED', 'TXN20240409000932', '2024-04-09 21:58:09', 'Cash withdrawal'),
  (933, 20, NULL, 'WITHDRAWAL', 'DEBIT', 8566.02, 10.2, 'INR', 'NETBANKING', 'POSTED', 'TXN20240601000933', '2024-06-01 14:01:39', 'Cash withdrawal'),
  (934, 93, NULL, 'DEPOSIT', 'CREDIT', 88556.94, 0.0, 'INR', 'RTGS', 'POSTED', 'TXN20241025000934', '2024-10-25 03:22:43', 'Cash/cheque deposit'),
  (935, 173, NULL, 'WITHDRAWAL', 'DEBIT', 5241.87, 4.31, 'INR', 'ATM', 'POSTED', 'TXN20250524000935', '2025-05-24 06:38:09', 'Cash withdrawal'),
  (936, 174, NULL, 'CARD', 'DEBIT', 4939.52, 0.0, 'INR', 'POS', 'POSTED', 'TXN20240429000936', '2024-04-29 21:35:04', 'Card purchase'),
  (937, 22, NULL, 'WITHDRAWAL', 'DEBIT', 17980.24, 24.72, 'INR', 'NEFT', 'POSTED', 'TXN20250517000937', '2025-05-17 06:50:25', 'Cash withdrawal'),
  (938, 165, NULL, 'CARD', 'DEBIT', 18239.1, 0.0, 'INR', 'POS', 'POSTED', 'TXN20250616000938', '2025-06-16 02:42:41', 'Card purchase'),
  (939, 103, NULL, 'FEE', 'DEBIT', 74.23, 0.0, 'INR', 'SYSTEM', 'POSTED', 'TXN20250618000939', '2025-06-18 12:48:34', 'Bank fee/charge'),
  (940, 207, NULL, 'WITHDRAWAL', 'DEBIT', 21813.43, 2.7, 'INR', 'MOBILE', 'POSTED', 'TXN20240721000940', '2024-07-21 09:40:27', 'Cash withdrawal'),
  (941, 200, NULL, 'DEPOSIT', 'CREDIT', 45954.05, 0.0, 'INR', 'MOBILE', 'POSTED', 'TXN20240416000941', '2024-04-16 10:35:30', 'Cash/cheque deposit'),
  (942, 158, 293, 'TRANSFER', 'DEBIT', 40731.89, 65.27, 'INR', 'BRANCH', 'POSTED', 'TXN20250624000942', '2025-06-24 01:12:05', 'Transfer to acct 845168815335'),
  (943, 198, NULL, 'INTEREST', 'CREDIT', 170.23, 0.0, 'INR', 'SYSTEM', 'POSTED', 'TXN20250701000943', '2025-07-01 00:03:19', 'Interest credit'),
  (944, 269, NULL, 'FEE', 'DEBIT', 213.06, 0.0, 'INR', 'SYSTEM', 'POSTED', 'TXN20251201000944', '2025-12-01 13:47:32', 'Bank fee/charge'),
  (945, 110, NULL, 'FEE', 'DEBIT', 29.17, 0.0, 'INR', 'SYSTEM', 'POSTED', 'TXN20251128000945', '2025-11-28 22:02:58', 'Bank fee/charge'),
  (946, 254, NULL, 'WITHDRAWAL', 'DEBIT', 10416.17, 10.01, 'INR', 'NEFT', 'POSTED', 'TXN20241123000946', '2024-11-23 02:45:13', 'Cash withdrawal'),
  (947, 60, NULL, 'DEPOSIT', 'CREDIT', 138654.4, 0.0, 'INR', 'BRANCH', 'POSTED', 'TXN20250125000947', '2025-01-25 06:57:44', 'Cash/cheque deposit'),
  (948, 117, NULL, 'DEPOSIT', 'CREDIT', 55830.39, 0.0, 'INR', 'NEFT', 'POSTED', 'TXN20251106000948', '2025-11-06 10:11:24', 'Cash/cheque deposit'),
  (949, 133, NULL, 'CARD', 'DEBIT', 17641.26, 0.0, 'INR', 'POS', 'POSTED', 'TXN20240608000949', '2024-06-08 04:38:15', 'Card purchase'),
  (950, 140, NULL, 'CARD', 'DEBIT', 8195.88, 0.0, 'INR', 'POS', 'POSTED', 'TXN20240728000950', '2024-07-28 20:47:58', 'Card purchase'),
  (951, 98, NULL, 'DEPOSIT', 'CREDIT', 122527.02, 0.0, 'INR', 'POS', 'POSTED', 'TXN20250227000951', '2025-02-27 12:17:53', 'Cash/cheque deposit'),
  (952, 203, NULL, 'CARD', 'DEBIT', 855.15, 0.0, 'INR', 'POS', 'POSTED', 'TXN20250906000952', '2025-09-06 00:40:44', 'Card purchase'),
  (953, 59, NULL, 'CARD', 'DEBIT', 2323.26, 0.0, 'INR', 'POS', 'POSTED', 'TXN20251109000953', '2025-11-09 22:14:04', 'Card purchase'),
  (954, 132, NULL, 'CARD', 'DEBIT', 19107.24, 0.0, 'INR', 'POS', 'POSTED', 'TXN20240706000954', '2024-07-06 17:20:10', 'Card purchase'),
  (955, 292, NULL, 'INTEREST', 'CREDIT', 236.09, 0.0, 'INR', 'SYSTEM', 'POSTED', 'TXN20241018000955', '2024-10-18 17:18:18', 'Interest credit'),
  (956, 255, NULL, 'DEPOSIT', 'CREDIT', 30198.15, 0.0, 'INR', 'POS', 'POSTED', 'TXN20240725000956', '2024-07-25 02:35:54', 'Cash/cheque deposit'),
  (957, 118, NULL, 'FEE', 'DEBIT', 14.32, 0.0, 'INR', 'SYSTEM', 'POSTED', 'TXN20250425000957', '2025-04-25 15:06:07', 'Bank fee/charge'),
  (958, 124, NULL, 'CARD', 'DEBIT', 8730.25, 0.0, 'INR', 'POS', 'POSTED', 'TXN20240326000958', '2024-03-26 22:51:04', 'Card purchase'),
  (959, 22, 258, 'TRANSFER', 'DEBIT', 57520.92, 27.17, 'INR', 'MOBILE', 'POSTED', 'TXN20240526000959', '2024-05-26 14:38:49', 'Transfer to acct 873789051139'),
  (960, 175, NULL, 'WITHDRAWAL', 'DEBIT', 42988.43, 16.17, 'INR', 'IMPS', 'POSTED', 'TXN20240214000960', '2024-02-14 18:00:09', 'Cash withdrawal'),
  (961, 29, NULL, 'WITHDRAWAL', 'DEBIT', 2262.87, 0.99, 'INR', 'IMPS', 'POSTED', 'TXN20250418000961', '2025-04-18 06:57:41', 'Cash withdrawal'),
  (962, 225, NULL, 'DEPOSIT', 'CREDIT', 3893.92, 0.0, 'INR', 'NEFT', 'POSTED', 'TXN20240707000962', '2024-07-07 20:12:21', 'Cash/cheque deposit'),
  (963, 286, NULL, 'CARD', 'DEBIT', 3238.74, 0.0, 'INR', 'POS', 'POSTED', 'TXN20240908000963', '2024-09-08 19:33:18', 'Card purchase'),
  (964, 210, NULL, 'FEE', 'DEBIT', 131.92, 0.0, 'INR', 'SYSTEM', 'POSTED', 'TXN20240228000964', '2024-02-28 03:43:04', 'Bank fee/charge'),
  (965, 54, NULL, 'DEPOSIT', 'CREDIT', 102679.06, 0.0, 'INR', 'UPI', 'POSTED', 'TXN20241125000965', '2024-11-25 11:02:09', 'Cash/cheque deposit'),
  (966, 199, NULL, 'DEPOSIT', 'CREDIT', 115327.45, 0.0, 'INR', 'POS', 'POSTED', 'TXN20240104000966', '2024-01-04 18:03:52', 'Cash/cheque deposit'),
  (967, 38, NULL, 'DEPOSIT', 'CREDIT', 3067.02, 0.0, 'INR', 'NEFT', 'POSTED', 'TXN20251005000967', '2025-10-05 01:36:34', 'Cash/cheque deposit'),
  (968, 231, NULL, 'CARD', 'DEBIT', 18206.62, 0.0, 'INR', 'POS', 'POSTED', 'TXN20241016000968', '2024-10-16 21:39:24', 'Card purchase'),
  (969, 233, NULL, 'WITHDRAWAL', 'DEBIT', 24008.54, 32.36, 'INR', 'MOBILE', 'POSTED', 'TXN20250919000969', '2025-09-19 08:22:40', 'Cash withdrawal'),
  (970, 90, NULL, 'CARD', 'DEBIT', 19261.53, 0.0, 'INR', 'POS', 'POSTED', 'TXN20250103000970', '2025-01-03 07:09:18', 'Card purchase'),
  (971, 222, NULL, 'CARD', 'DEBIT', 16112.9, 0.0, 'INR', 'POS', 'POSTED', 'TXN20240613000971', '2024-06-13 11:47:01', 'Card purchase'),
  (972, 278, NULL, 'WITHDRAWAL', 'DEBIT', 42599.01, 63.1, 'INR', 'BRANCH', 'POSTED', 'TXN20250415000972', '2025-04-15 13:45:56', 'Cash withdrawal'),
  (973, 214, NULL, 'WITHDRAWAL', 'DEBIT', 23083.02, 15.66, 'INR', 'IMPS', 'POSTED', 'TXN20240801000973', '2024-08-01 12:26:56', 'Cash withdrawal'),
  (974, 205, NULL, 'CARD', 'DEBIT', 2679.63, 0.0, 'INR', 'POS', 'POSTED', 'TXN20250107000974', '2025-01-07 10:20:42', 'Card purchase'),
  (975, 292, NULL, 'FEE', 'DEBIT', 52.68, 0.0, 'INR', 'SYSTEM', 'POSTED', 'TXN20240908000975', '2024-09-08 06:45:12', 'Bank fee/charge'),
  (976, 210, NULL, 'INTEREST', 'CREDIT', 337.96, 0.0, 'INR', 'SYSTEM', 'POSTED', 'TXN20250419000976', '2025-04-19 17:55:48', 'Interest credit'),
  (977, 278, 232, 'TRANSFER', 'DEBIT', 22559.0, 46.97, 'INR', 'NEFT', 'POSTED', 'TXN20250206000977', '2025-02-06 04:30:06', 'Transfer to acct 923239106815'),
  (978, 283, NULL, 'FEE', 'DEBIT', 223.03, 0.0, 'INR', 'SYSTEM', 'POSTED', 'TXN20240222000978', '2024-02-22 06:13:21', 'Bank fee/charge'),
  (979, 13, NULL, 'INTEREST', 'CREDIT', 624.88, 0.0, 'INR', 'SYSTEM', 'POSTED', 'TXN20250613000979', '2025-06-13 13:11:28', 'Interest credit'),
  (980, 80, NULL, 'CARD', 'DEBIT', 12831.94, 0.0, 'INR', 'POS', 'POSTED', 'TXN20241006000980', '2024-10-06 23:43:36', 'Card purchase'),
  (981, 126, NULL, 'FEE', 'DEBIT', 217.67, 0.0, 'INR', 'SYSTEM', 'POSTED', 'TXN20240603000981', '2024-06-03 13:20:29', 'Bank fee/charge'),
  (982, 272, NULL, 'WITHDRAWAL', 'DEBIT', 36792.35, 48.34, 'INR', 'MOBILE', 'POSTED', 'TXN20241119000982', '2024-11-19 19:59:48', 'Cash withdrawal'),
  (983, 28, NULL, 'INTEREST', 'CREDIT', 299.03, 0.0, 'INR', 'SYSTEM', 'POSTED', 'TXN20240307000983', '2024-03-07 02:01:00', 'Interest credit'),
  (984, 110, NULL, 'DEPOSIT', 'CREDIT', 46203.52, 0.0, 'INR', 'IMPS', 'POSTED', 'TXN20241231000984', '2024-12-31 06:47:09', 'Cash/cheque deposit'),
  (985, 229, NULL, 'DEPOSIT', 'CREDIT', 71315.59, 0.0, 'INR', 'IMPS', 'POSTED', 'TXN20250930000985', '2025-09-30 10:37:57', 'Cash/cheque deposit'),
  (986, 288, NULL, 'INTEREST', 'CREDIT', 144.67, 0.0, 'INR', 'SYSTEM', 'POSTED', 'TXN20241023000986', '2024-10-23 09:06:51', 'Interest credit'),
  (987, 210, NULL, 'WITHDRAWAL', 'DEBIT', 7998.19, 6.63, 'INR', 'UPI', 'POSTED', 'TXN20250301000987', '2025-03-01 03:34:58', 'Cash withdrawal'),
  (988, 228, NULL, 'CARD', 'DEBIT', 1959.44, 0.0, 'INR', 'POS', 'POSTED', 'TXN20240912000988', '2024-09-12 03:42:09', 'Card purchase'),
  (989, 88, NULL, 'DEPOSIT', 'CREDIT', 115094.0, 0.0, 'INR', 'UPI', 'POSTED', 'TXN20250125000989', '2025-01-25 15:24:30', 'Cash/cheque deposit'),
  (990, 230, NULL, 'FEE', 'DEBIT', 224.03, 0.0, 'INR', 'SYSTEM', 'POSTED', 'TXN20250327000990', '2025-03-27 18:36:11', 'Bank fee/charge'),
  (991, 36, NULL, 'CARD', 'DEBIT', 3561.16, 0.0, 'INR', 'POS', 'POSTED', 'TXN20241213000991', '2024-12-13 02:56:23', 'Card purchase'),
  (992, 57, NULL, 'FEE', 'DEBIT', 248.26, 0.0, 'INR', 'SYSTEM', 'POSTED', 'TXN20251124000992', '2025-11-24 12:58:09', 'Bank fee/charge'),
  (993, 43, NULL, 'INTEREST', 'CREDIT', 319.89, 0.0, 'INR', 'SYSTEM', 'POSTED', 'TXN20251011000993', '2025-10-11 10:18:45', 'Interest credit'),
  (994, 187, NULL, 'CARD', 'DEBIT', 17028.03, 0.0, 'INR', 'POS', 'POSTED', 'TXN20250928000994', '2025-09-28 18:26:10', 'Card purchase'),
  (995, 13, NULL, 'WITHDRAWAL', 'DEBIT', 24531.49, 33.33, 'INR', 'NETBANKING', 'POSTED', 'TXN20241013000995', '2024-10-13 16:57:58', 'Cash withdrawal'),
  (996, 173, NULL, 'DEPOSIT', 'CREDIT', 6164.32, 0.0, 'INR', 'NEFT', 'POSTED', 'TXN20241109000996', '2024-11-09 08:28:27', 'Cash/cheque deposit'),
  (997, 17, NULL, 'INTEREST', 'CREDIT', 118.45, 0.0, 'INR', 'SYSTEM', 'POSTED', 'TXN20251106000997', '2025-11-06 02:21:35', 'Interest credit'),
  (998, 103, NULL, 'FEE', 'DEBIT', 226.61, 0.0, 'INR', 'SYSTEM', 'POSTED', 'TXN20250810000998', '2025-08-10 00:19:24', 'Bank fee/charge'),
  (999, 193, NULL, 'CARD', 'DEBIT', 6725.99, 0.0, 'INR', 'POS', 'POSTED', 'TXN20240206000999', '2024-02-06 22:43:17', 'Card purchase'),
  (1000, 178, NULL, 'FEE', 'DEBIT', 181.18, 0.0, 'INR', 'SYSTEM', 'POSTED', 'TXN20250220001000', '2025-02-20 22:21:08', 'Bank fee/charge');

-- Quick sanity checks
-- SELECT COUNT(*) AS customers FROM bank_customers;
-- SELECT COUNT(*) AS accounts   FROM bank_accounts;
-- SELECT COUNT(*) AS txns       FROM bank_transactions;
-- SELECT txn_type, COUNT(*) FROM bank_transactions GROUP BY txn_type;
-- SELECT account_id, current_balance FROM bank_accounts ORDER BY current_balance DESC LIMIT 10;
